Gene,Variant,URL
DNMT3A,R729W,https://rest.uniprot.org/uniprotkb/Q9Y6K1.fasta 
DNMT3A,R736C,https://rest.uniprot.org/uniprotkb/Q9Y6K1.fasta 
DNMT3A,R736H,https://rest.uniprot.org/uniprotkb/Q9Y6K1.fasta 
DNMT3A,R771*,https://rest.uniprot.org/uniprotkb/Q9Y6K1.fasta 
DNMT3A,R882C,https://rest.uniprot.org/uniprotkb/Q9Y6K1.fasta 
DNMT3A,R882H,https://rest.uniprot.org/uniprotkb/Q9Y6K1.fasta 
DNMT3A,W860R,https://rest.uniprot.org/uniprotkb/Q9Y6K1.fasta 
DNMT3A,Y735C,https://rest.uniprot.org/uniprotkb/Q9Y6K1.fasta 
GNB1,K57E,https://rest.uniprot.org/uniprotkb/P62873.fasta
IDH1,R132H,https://rest.uniprot.org/uniprotkb/O75874.fasta
IDH2,R140Q,https://rest.uniprot.org/uniprotkb/P48735.fasta
IDH2,R172K,https://rest.uniprot.org/uniprotkb/P48735.fasta
JAK2,V617F,https://rest.uniprot.org/uniprotkb/O60674.fasta
KIT,D816F,https://rest.uniprot.org/uniprotkb/P10721.fasta
KIT,D816H,https://rest.uniprot.org/uniprotkb/P10721.fasta
KIT,D816V,https://rest.uniprot.org/uniprotkb/P10721.fasta
KIT,D816Y,https://rest.uniprot.org/uniprotkb/P10721.fasta
KRAS,G12C,https://rest.uniprot.org/uniprotkb/P01116.fasta
KRAS,G12D,https://rest.uniprot.org/uniprotkb/P01116.fasta
KRAS,G12V,https://rest.uniprot.org/uniprotkb/P01116.fasta
MPL,W515L,https://rest.uniprot.org/uniprotkb/P40238.fasta
NPM1,W288f,https://rest.uniprot.org/uniprotkb/P06748.fasta
NRAS,G12C,https://rest.uniprot.org/uniprotkb/P01111.fasta
NRAS,G12D,https://rest.uniprot.org/uniprotkb/P01111.fasta
NRAS,G12V,https://rest.uniprot.org/uniprotkb/P01111.fasta
SF3B1,K666N,https://rest.uniprot.org/uniprotkb/O75533.fasta
SF3B1,K700E,https://rest.uniprot.org/uniprotkb/O75533.fasta
SRSF2,P95H,https://rest.uniprot.org/uniprotkb/Q01130.fasta
SRSF2,P95R,https://rest.uniprot.org/uniprotkb/Q01130.fasta
TP53,R175H,https://rest.uniprot.org/uniprotkb/P04637.fasta
TP53,R248Q,https://rest.uniprot.org/uniprotkb/P04637.fasta
TP53,R273H,https://rest.uniprot.org/uniprotkb/P04637.fasta
TP53,R273C,https://rest.uniprot.org/uniprotkb/P04637.fasta
TP53,R282W,https://rest.uniprot.org/uniprotkb/P04637.fasta
TP53,R213*,https://rest.uniprot.org/uniprotkb/P04637.fasta
TP53,G245S,https://rest.uniprot.org/uniprotkb/P04637.fasta
TP53,Y220C,https://rest.uniprot.org/uniprotkb/P04637.fasta
TP53,R249S,https://rest.uniprot.org/uniprotkb/P04637.fasta
TP53,R196*,https://rest.uniprot.org/uniprotkb/P04637.fasta
DNMT3A,R326C,https://rest.uniprot.org/uniprotkb/Q9Y6K1.fasta 
DNMT3A,P904L,https://rest.uniprot.org/uniprotkb/Q9Y6K1.fasta 
DNMT3A,R320*,https://rest.uniprot.org/uniprotkb/Q9Y6K1.fasta 
DNMT3A,R598*,https://rest.uniprot.org/uniprotkb/Q9Y6K1.fasta 