,Pos,HLA,Peptide,Of,Core,Core_Rel,Inverted,Identity,Score_EL,%Rank_EL,Exp_Bind,Score_BA,%Rank_BA,Affinity(nM),BindLevel,gene,variant,genotype,gene_var
160,1,DRB1_0101,FEFYCLLHDARPKEG,3,YCLLHDARP,0.75,0,seq_11,0.011298,23.26,,0.56277,12.55,113.38,,DNMT3A,R736C,ch,DNMT3A_R736C
178,1,DRB1_0102,YCLLHDARPKEGDDR,3,LHDARPKEG,1.0,0,seq_14,0.016303,28.77,,0.30865,38.52,1772.69,,DNMT3A,R736C,ch,DNMT3A_R736C
193,1,DRB1_0103,YCLLHDARPKEGDDR,3,LHDARPKEG,0.98,0,seq_14,0.005501,32.62,,0.245626,22.54,3505.75,,DNMT3A,R736C,ch,DNMT3A_R736C
207,1,DRB1_0301,FYCLLHDARPKEGDD,3,LLHDARPKE,1.0,0,seq_13,0.640387,1.31,,0.556704,2.23,121.07,<=,DNMT3A,R736C,ch,DNMT3A_R736C
222,1,DRB1_0302,FYCLLHDARPKEGDD,3,LLHDARPKE,1.0,0,seq_13,0.171904,7.07,,0.174654,10.6,7555.72,,DNMT3A,R736C,ch,DNMT3A_R736C
235,1,DRB1_0401,FEFYCLLHDARPKEG,3,YCLLHDARP,0.98,0,seq_11,0.047021,16.0,,0.44298,10.29,414.4,,DNMT3A,R736C,ch,DNMT3A_R736C
253,1,DRB1_0402,YCLLHDARPKEGDDR,3,LHDARPKEG,1.0,0,seq_14,0.050383,18.74,,0.305481,25.1,1834.53,,DNMT3A,R736C,ch,DNMT3A_R736C
268,1,DRB1_0403,YCLLHDARPKEGDDR,3,LHDARPKEG,0.97,0,seq_14,0.014841,33.41,,0.21281,52.6,5000.14,,DNMT3A,R736C,ch,DNMT3A_R736C
280,1,DRB1_0404,FEFYCLLHDARPKEG,3,YCLLHDARP,0.97,0,seq_11,0.011792,33.08,,0.419716,17.48,533.01,,DNMT3A,R736C,ch,DNMT3A_R736C
295,1,DRB1_0405,FEFYCLLHDARPKEG,3,YCLLHDARP,0.97,0,seq_11,0.068369,12.74,,0.517343,4.86,185.35,,DNMT3A,R736C,ch,DNMT3A_R736C
313,1,DRB1_0406,YCLLHDARPKEGDDR,3,LHDARPKEG,0.97,0,seq_14,0.014841,33.41,,0.21281,52.6,5000.14,,DNMT3A,R736C,ch,DNMT3A_R736C
325,1,DRB1_0407,FEFYCLLHDARPKEG,3,YCLLHDARP,0.98,0,seq_11,0.056527,16.69,,0.3405,16.93,1255.95,,DNMT3A,R736C,ch,DNMT3A_R736C
340,1,DRB1_0408,FEFYCLLHDARPKEG,3,YCLLHDARP,0.99,0,seq_11,0.13996,9.82,,0.465877,10.44,323.47,,DNMT3A,R736C,ch,DNMT3A_R736C
355,1,DRB1_0410,FEFYCLLHDARPKEG,3,YCLLHDARP,0.79,0,seq_11,0.008921,36.54,,0.485309,7.94,262.13,,DNMT3A,R736C,ch,DNMT3A_R736C
373,1,DRB1_0411,YCLLHDARPKEGDDR,3,LHDARPKEG,0.75,0,seq_14,0.01496,35.01,,0.232517,48.98,4039.98,,DNMT3A,R736C,ch,DNMT3A_R736C
382,1,DRB1_0701,RLFFEFYCLLHDARP,3,FEFYCLLHD,0.67,0,seq_8,0.001558,60.38,,0.334375,34.8,1342.0,,DNMT3A,R736C,ch,DNMT3A_R736C
402,1,DRB1_0801,FYCLLHDARPKEGDD,3,LLHDARPKE,0.95,0,seq_13,0.117058,15.08,,0.336579,27.93,1310.37,,DNMT3A,R736C,ch,DNMT3A_R736C
414,1,DRB1_0802,FFEFYCLLHDARPKE,3,FYCLLHDAR,0.74,0,seq_10,0.017827,33.36,,0.271862,44.39,2639.36,,DNMT3A,R736C,ch,DNMT3A_R736C
432,1,DRB1_0803,FYCLLHDARPKEGDD,3,LLHDARPKE,0.96,0,seq_13,0.121357,15.81,,0.245487,43.24,3511.03,,DNMT3A,R736C,ch,DNMT3A_R736C
447,1,DRB1_0804,FYCLLHDARPKEGDD,3,LLHDARPKE,0.41,0,seq_13,0.019927,34.27,,0.294669,36.14,2062.19,,DNMT3A,R736C,ch,DNMT3A_R736C
462,1,DRB1_0806,FYCLLHDARPKEGDD,3,LLHDARPKE,0.95,0,seq_13,0.17588,12.42,,0.383752,22.99,786.56,,DNMT3A,R736C,ch,DNMT3A_R736C
465,1,DRB1_0807,GLYEGTGRLFFEFYC,2,YEGTGRLFF,0.99,0,seq_1,0.02691,33.57,,0.311227,53.38,1723.95,,DNMT3A,R736C,ch,DNMT3A_R736C
492,1,DRB1_0810,FYCLLHDARPKEGDD,3,LLHDARPKE,0.93,0,seq_13,0.166635,13.96,,0.30957,31.58,1755.13,,DNMT3A,R736C,ch,DNMT3A_R736C
507,1,DRB1_0811,FYCLLHDARPKEGDD,3,LLHDARPKE,0.85,0,seq_13,0.033836,24.76,,0.301475,45.25,1915.79,,DNMT3A,R736C,ch,DNMT3A_R736C
523,1,DRB1_0901,YCLLHDARPKEGDDR,3,LHDARPKEG,0.97,0,seq_14,0.01702,43.32,,0.233439,66.44,3999.88,,DNMT3A,R736C,ch,DNMT3A_R736C
535,1,DRB1_1001,FEFYCLLHDARPKEG,3,YCLLHDARP,0.78,0,seq_11,0.050951,20.81,,0.587043,10.54,87.19,,DNMT3A,R736C,ch,DNMT3A_R736C
549,1,DRB1_1101,FFEFYCLLHDARPKE,3,FYCLLHDAR,0.84,0,seq_10,0.033468,19.76,,0.438298,13.75,435.93,,DNMT3A,R736C,ch,DNMT3A_R736C
567,1,DRB1_1102,FYCLLHDARPKEGDD,3,LLHDARPKE,0.69,0,seq_13,0.015756,33.21,,0.429525,18.45,479.34,,DNMT3A,R736C,ch,DNMT3A_R736C
582,1,DRB1_1103,FYCLLHDARPKEGDD,3,LLHDARPKE,0.64,0,seq_13,0.012341,29.28,,0.490101,14.91,248.89,,DNMT3A,R736C,ch,DNMT3A_R736C
597,1,DRB1_1104,FYCLLHDARPKEGDD,3,LLHDARPKE,0.83,0,seq_13,0.026092,24.98,,0.436182,19.76,446.03,,DNMT3A,R736C,ch,DNMT3A_R736C
612,1,DRB1_1106,FYCLLHDARPKEGDD,3,LLHDARPKE,0.81,0,seq_13,0.055947,23.94,,0.346631,21.36,1175.33,,DNMT3A,R736C,ch,DNMT3A_R736C
624,1,DRB1_1111,FFEFYCLLHDARPKE,3,FYCLLHDAR,0.85,0,seq_10,0.015713,23.08,,0.391884,15.34,720.31,,DNMT3A,R736C,ch,DNMT3A_R736C
642,1,DRB1_1143,FYCLLHDARPKEGDD,3,LLHDARPKE,0.83,0,seq_13,0.026092,24.98,,0.436182,19.76,446.03,,DNMT3A,R736C,ch,DNMT3A_R736C
654,1,DRB1_1201,FFEFYCLLHDARPKE,3,FYCLLHDAR,0.74,0,seq_10,0.004723,57.78,,0.236104,41.54,3886.19,,DNMT3A,R736C,ch,DNMT3A_R736C
669,1,DRB1_1202,FFEFYCLLHDARPKE,3,FYCLLHDAR,0.69,0,seq_10,0.005534,60.49,,0.355793,22.99,1064.41,,DNMT3A,R736C,ch,DNMT3A_R736C
687,1,DRB1_1301,FYCLLHDARPKEGDD,3,LLHDARPKE,0.69,0,seq_13,0.015756,33.21,,0.429525,18.45,479.34,,DNMT3A,R736C,ch,DNMT3A_R736C
699,1,DRB1_1302,FFEFYCLLHDARPKE,3,FYCLLHDAR,0.94,0,seq_10,0.028653,24.74,,0.280097,41.0,2414.36,,DNMT3A,R736C,ch,DNMT3A_R736C
717,1,DRB1_1303,FYCLLHDARPKEGDD,3,LLHDARPKE,1.0,0,seq_13,0.763421,0.84,,0.444662,2.71,406.93,<=,DNMT3A,R736C,ch,DNMT3A_R736C
732,1,DRB1_1304,FYCLLHDARPKEGDD,3,LLHDARPKE,0.96,0,seq_13,0.125825,13.47,,0.4724,14.74,301.42,,DNMT3A,R736C,ch,DNMT3A_R736C
744,1,DRB1_1305,FFEFYCLLHDARPKE,3,FYCLLHDAR,0.84,0,seq_10,0.033468,19.76,,0.438298,13.75,435.93,,DNMT3A,R736C,ch,DNMT3A_R736C
762,1,DRB1_1312,FYCLLHDARPKEGDD,3,LLHDARPKE,1.0,0,seq_13,0.416215,3.63,,0.369659,10.84,916.12,<=,DNMT3A,R736C,ch,DNMT3A_R736C
774,1,DRB1_1315,FFEFYCLLHDARPKE,3,FYCLLHDAR,0.76,0,seq_10,0.028627,30.69,,0.390834,13.99,728.54,,DNMT3A,R736C,ch,DNMT3A_R736C
792,1,DRB1_1321,FYCLLHDARPKEGDD,3,LLHDARPKE,1.0,0,seq_13,0.178743,9.8,,0.467376,14.73,318.26,,DNMT3A,R736C,ch,DNMT3A_R736C
807,1,DRB1_1401,FYCLLHDARPKEGDD,3,LLHDARPKE,0.96,0,seq_13,0.030848,25.93,,0.297375,42.84,2002.69,,DNMT3A,R736C,ch,DNMT3A_R736C
819,1,DRB1_1402,FFEFYCLLHDARPKE,3,FYCLLHDAR,0.98,0,seq_10,0.188449,9.34,,0.322474,18.1,1526.42,,DNMT3A,R736C,ch,DNMT3A_R736C
834,1,DRB1_1403,FFEFYCLLHDARPKE,3,FYCLLHDAR,0.93,0,seq_10,0.123669,18.0,,0.250091,38.58,3340.41,,DNMT3A,R736C,ch,DNMT3A_R736C
852,1,DRB1_1404,FYCLLHDARPKEGDD,3,LLHDARPKE,0.86,0,seq_13,0.022379,37.02,,0.261566,54.63,2950.39,,DNMT3A,R736C,ch,DNMT3A_R736C
867,1,DRB1_1405,FYCLLHDARPKEGDD,3,LLHDARPKE,0.95,0,seq_13,0.066431,19.75,,0.28553,29.55,2276.53,,DNMT3A,R736C,ch,DNMT3A_R736C
882,1,DRB1_1406,FYCLLHDARPKEGDD,3,LLHDARPKE,0.9,0,seq_13,0.127954,16.88,,0.373548,17.03,878.37,,DNMT3A,R736C,ch,DNMT3A_R736C
885,1,DRB1_1407,GLYEGTGRLFFEFYC,2,YEGTGRLFF,0.99,0,seq_1,0.110684,10.16,,0.324173,26.4,1498.62,,DNMT3A,R736C,ch,DNMT3A_R736C
912,1,DRB1_1409,FYCLLHDARPKEGDD,3,LLHDARPKE,0.95,0,seq_13,0.092783,14.66,,0.34279,27.14,1225.21,,DNMT3A,R736C,ch,DNMT3A_R736C
928,1,DRB1_1410,YCLLHDARPKEGDDR,3,LHDARPKEG,0.83,0,seq_14,0.002921,56.27,,0.190233,71.17,6383.68,,DNMT3A,R736C,ch,DNMT3A_R736C
942,1,DRB1_1415,FYCLLHDARPKEGDD,3,LLHDARPKE,0.41,0,seq_13,0.019927,34.27,,0.294669,36.14,2062.19,,DNMT3A,R736C,ch,DNMT3A_R736C
954,1,DRB1_1444,FFEFYCLLHDARPKE,3,FYCLLHDAR,0.88,0,seq_10,0.055466,19.63,,0.25459,32.22,3181.7,,DNMT3A,R736C,ch,DNMT3A_R736C
967,1,DRB1_1501,RLFFEFYCLLHDARP,3,FEFYCLLHD,0.82,0,seq_8,0.00179,51.89,,0.426802,16.84,493.67,,DNMT3A,R736C,ch,DNMT3A_R736C
982,1,DRB1_1502,RLFFEFYCLLHDARP,3,FEFYCLLHD,0.78,0,seq_8,0.018784,24.81,,0.406371,15.27,615.81,,DNMT3A,R736C,ch,DNMT3A_R736C
999,1,DRB1_1503,FFEFYCLLHDARPKE,3,FYCLLHDAR,0.64,0,seq_10,0.004865,52.44,,0.438373,14.44,435.58,,DNMT3A,R736C,ch,DNMT3A_R736C
1015,1,DRB1_1601,FEFYCLLHDARPKEG,3,YCLLHDARP,0.91,0,seq_11,0.026712,18.28,,0.471769,8.34,303.49,,DNMT3A,R736C,ch,DNMT3A_R736C
1030,1,DRB1_1602,FEFYCLLHDARPKEG,3,YCLLHDARP,0.9,0,seq_11,0.034703,21.73,,0.445698,13.66,402.39,,DNMT3A,R736C,ch,DNMT3A_R736C
87,1,DRB3_0101,FYCLLHDARPKEGDD,3,LLHDARPKE,1.0,0,seq_13,0.016286,9.49,,0.294451,19.88,2067.06,,DNMT3A,R736C,ch,DNMT3A_R736C
99,1,DRB3_0202,FFEFYCLLHDARPKE,3,FYCLLHDAR,0.79,0,seq_10,0.002151,30.52,,0.292364,19.31,2114.27,,DNMT3A,R736C,ch,DNMT3A_R736C
114,1,DRB3_0210,FFEFYCLLHDARPKE,3,FYCLLHDAR,0.79,0,seq_10,0.002151,30.52,,0.292364,19.31,2114.27,,DNMT3A,R736C,ch,DNMT3A_R736C
132,1,DRB3_0224,FYCLLHDARPKEGDD,3,LLHDARPKE,0.74,0,seq_13,0.002701,35.09,,0.355303,12.85,1070.07,,DNMT3A,R736C,ch,DNMT3A_R736C
147,1,DRB3_0301,FYCLLHDARPKEGDD,3,LLHDARPKE,0.67,0,seq_13,0.001374,56.91,,0.36185,52.59,996.89,,DNMT3A,R736C,ch,DNMT3A_R736C
54,1,DRB4_0101,FFEFYCLLHDARPKE,3,FYCLLHDAR,0.89,0,seq_10,0.012948,16.48,,0.378098,26.24,836.18,,DNMT3A,R736C,ch,DNMT3A_R736C
69,1,DRB4_0103,FFEFYCLLHDARPKE,3,FYCLLHDAR,0.89,0,seq_10,0.012948,16.48,,0.378098,26.24,836.18,,DNMT3A,R736C,ch,DNMT3A_R736C
9,1,DRB5_0101,FFEFYCLLHDARPKE,3,FYCLLHDAR,0.79,0,seq_10,0.02986,16.37,,0.564591,6.34,111.17,,DNMT3A,R736C,ch,DNMT3A_R736C
24,1,DRB5_0102,FFEFYCLLHDARPKE,3,FYCLLHDAR,0.74,0,seq_10,0.025783,26.89,,0.545535,5.76,136.62,,DNMT3A,R736C,ch,DNMT3A_R736C
41,1,DRB5_0202,EFYCLLHDARPKEGD,3,CLLHDARPK,0.82,0,seq_12,0.02368,22.73,,0.360954,11.01,1006.6,,DNMT3A,R736C,ch,DNMT3A_R736C
