,Pos,HLA,Peptide,Of,Core,Core_Rel,Inverted,Identity,Score_EL,%Rank_EL,Exp_Bind,Score_BA,%Rank_BA,Affinity (nM),BindLevel,gene,variant,genotype,gene_var
7325,1,HLA-DPA10103-DPB10101,TGRLFFEFYCLLHDA,3,LFFEFYCLL,0.65,0,seq_6,0.013398,33.07,,0.568694,2.97,106.34,,DNMT3A,R736C,ch,DNMT3A_R736C
742,1,HLA-DPA10103-DPB10201,RLFFEFYCLLHDARP,3,FEFYCLLHD,0.87,0,seq_8,0.00737,23.24,,0.54054,5.33,144.21,,DNMT3A,R736C,ch,DNMT3A_R736C
4477,1,HLA-DPA10103-DPB10202,RLFFEFYCLLHDARP,3,FEFYCLLHD,0.85,0,seq_8,0.014651,24.78,,0.544307,5.98,138.45,,DNMT3A,R736C,ch,DNMT3A_R736C
5,1,HLA-DPA10103-DPB10301,TGRLFFEFYCLLHDA,3,LFFEFYCLL,0.45,0,seq_6,0.000243,71.94,,0.31112,19.77,1725.94,,DNMT3A,R736C,ch,DNMT3A_R736C
3890,1,HLA-DPA10103-DPB10401,TGRLFFEFYCLLHDA,3,LFFEFYCLL,0.95,0,seq_6,0.031288,7.36,,0.580271,2.71,93.82,,DNMT3A,R736C,ch,DNMT3A_R736C
215,1,HLA-DPA10103-DPB10402,TGRLFFEFYCLLHDA,3,LFFEFYCLL,0.95,0,seq_6,0.025703,11.56,,0.456053,4.42,359.74,,DNMT3A,R736C,ch,DNMT3A_R736C
6544,1,HLA-DPA10103-DPB10501,GTGRLFFEFYCLLHD,4,LFFEFYCLL,0.31,0,seq_5,0.024315,20.08,,0.514166,2.29,191.83,,DNMT3A,R736C,ch,DNMT3A_R736C
7549,1,HLA-DPA10103-DPB10601,GTGRLFFEFYCLLHD,3,RLFFEFYCL,0.79,0,seq_5,0.002579,45.58,,0.50162,2.76,219.72,,DNMT3A,R736C,ch,DNMT3A_R736C
589,1,HLA-DPA10103-DPB10901,GTGRLFFEFYCLLHD,3,RLFFEFYCL,0.91,0,seq_5,0.006608,31.05,,0.347529,8.05,1163.97,,DNMT3A,R736C,ch,DNMT3A_R736C
6964,1,HLA-DPA10103-DPB11001,GTGRLFFEFYCLLHD,3,RLFFEFYCL,0.91,0,seq_5,0.006608,31.05,,0.347529,8.05,1163.97,,DNMT3A,R736C,ch,DNMT3A_R736C
3367,1,HLA-DPA10103-DPB11101,RLFFEFYCLLHDARP,3,FEFYCLLHD,0.68,0,seq_8,0.004681,30.16,,0.534537,2.96,153.89,,DNMT3A,R736C,ch,DNMT3A_R736C
3382,1,HLA-DPA10103-DPB11301,RLFFEFYCLLHDARP,3,FEFYCLLHD,0.81,0,seq_8,0.003039,39.61,,0.470887,5.24,306.4,,DNMT3A,R736C,ch,DNMT3A_R736C
3484,1,HLA-DPA10103-DPB11401,GTGRLFFEFYCLLHD,3,RLFFEFYCL,0.63,0,seq_5,0.001198,52.61,,0.253334,20.28,3225.23,,DNMT3A,R736C,ch,DNMT3A_R736C
4462,1,HLA-DPA10103-DPB11501,RLFFEFYCLLHDARP,3,FEFYCLLHD,0.92,0,seq_8,0.015543,28.18,,0.650122,2.83,44.06,,DNMT3A,R736C,ch,DNMT3A_R736C
3814,1,HLA-DPA10103-DPB11601,GTGRLFFEFYCLLHD,3,RLFFEFYCL,0.88,0,seq_5,0.048991,12.49,,0.631037,0.96,54.17,,DNMT3A,R736C,ch,DNMT3A_R736C
4219,1,HLA-DPA10103-DPB11701,GTGRLFFEFYCLLHD,3,RLFFEFYCL,0.93,0,seq_5,0.018426,23.91,,0.405213,4.23,623.57,,DNMT3A,R736C,ch,DNMT3A_R736C
4445,1,HLA-DPA10103-DPB11801,TGRLFFEFYCLLHDA,3,LFFEFYCLL,0.87,0,seq_6,0.017206,44.46,,0.499183,5.33,225.59,,DNMT3A,R736C,ch,DNMT3A_R736C
7825,1,HLA-DPA10103-DPB11901,FEFYCLLHDARPKEG,4,RADHLLCYF,0.89,1,seq_11,0.038329,13.07,,0.37938,21.47,824.66,,DNMT3A,R736C,ch,DNMT3A_R736C
3606,1,HLA-DPA10103-DPB12001,GRLFFEFYCLLHDAR,3,FFEFYCLLH,0.48,0,seq_7,0.000927,65.23,,0.387764,9.74,753.15,,DNMT3A,R736C,ch,DNMT3A_R736C
349,1,HLA-DPA10103-DPB12101,GTGRLFFEFYCLLHD,3,RLFFEFYCL,0.78,0,seq_5,0.005746,38.83,,0.453452,3.77,370.01,,DNMT3A,R736C,ch,DNMT3A_R736C
3925,1,HLA-DPA10103-DPB12201,FEFYCLLHDARPKEG,4,RADHLLCYF,0.93,1,seq_11,0.063938,9.53,,0.41799,15.31,543.06,,DNMT3A,R736C,ch,DNMT3A_R736C
7565,1,HLA-DPA10103-DPB12301,TGRLFFEFYCLLHDA,3,LFFEFYCLL,0.95,0,seq_6,0.031288,7.36,,0.580271,2.71,93.82,,DNMT3A,R736C,ch,DNMT3A_R736C
1039,1,HLA-DPA10103-DPB12601,GTGRLFFEFYCLLHD,3,RLFFEFYCL,0.36,0,seq_5,0.000903,51.39,,0.398789,7.76,668.46,,DNMT3A,R736C,ch,DNMT3A_R736C
935,1,HLA-DPA10103-DPB12801,TGRLFFEFYCLLHDA,3,LFFEFYCLL,0.9,0,seq_6,0.014087,24.76,,0.489419,4.04,250.73,,DNMT3A,R736C,ch,DNMT3A_R736C
3394,1,HLA-DPA10103-DPB13001,GTGRLFFEFYCLLHD,3,RLFFEFYCL,0.93,0,seq_5,0.018215,25.63,,0.394133,4.9,702.99,,DNMT3A,R736C,ch,DNMT3A_R736C
650,1,HLA-DPA10103-DPB13101,TGRLFFEFYCLLHDA,3,LFFEFYCLL,0.64,0,seq_6,0.017215,21.46,,0.633763,1.32,52.59,,DNMT3A,R736C,ch,DNMT3A_R736C
6562,1,HLA-DPA10103-DPB13301,RLFFEFYCLLHDARP,3,FEFYCLLHD,0.92,0,seq_8,0.01557,15.98,,0.67347,2.99,34.23,,DNMT3A,R736C,ch,DNMT3A_R736C
455,1,HLA-DPA10103-DPB13401,TGRLFFEFYCLLHDA,3,LFFEFYCLL,0.87,0,seq_6,0.007493,26.52,,0.570261,3.03,104.55,,DNMT3A,R736C,ch,DNMT3A_R736C
1009,1,HLA-DPA10103-DPB13501,GTGRLFFEFYCLLHD,3,RLFFEFYCL,0.65,0,seq_5,0.001558,51.08,,0.246849,17.59,3459.66,,DNMT3A,R736C,ch,DNMT3A_R736C
710,1,HLA-DPA10103-DPB14001,TGRLFFEFYCLLHDA,3,LFFEFYCLL,0.86,0,seq_6,0.01072,17.49,,0.547118,2.57,134.3,,DNMT3A,R736C,ch,DNMT3A_R736C
2044,1,HLA-DPA10103-DPB14501,GTGRLFFEFYCLLHD,3,RLFFEFYCL,0.63,0,seq_5,0.001198,52.61,,0.253334,20.28,3225.23,,DNMT3A,R736C,ch,DNMT3A_R736C
7597,1,HLA-DPA10103-DPB14801,RLFFEFYCLLHDARP,3,FEFYCLLHD,0.87,0,seq_8,0.00737,23.24,,0.54054,5.33,144.21,,DNMT3A,R736C,ch,DNMT3A_R736C
1177,1,HLA-DPA10103-DPB18101,RLFFEFYCLLHDARP,3,FEFYCLLHD,0.87,0,seq_8,0.00737,23.24,,0.54054,5.33,144.21,,DNMT3A,R736C,ch,DNMT3A_R736C
1264,1,HLA-DPA10103-DPB18501,GTGRLFFEFYCLLHD,3,RLFFEFYCL,0.38,0,seq_5,0.004842,34.84,,0.469272,3.13,311.8,,DNMT3A,R736C,ch,DNMT3A_R736C
50,1,HLA-DPA10104-DPB10101,TGRLFFEFYCLLHDA,3,LFFEFYCLL,0.65,0,seq_6,0.013398,33.07,,0.568694,2.97,106.34,,DNMT3A,R736C,ch,DNMT3A_R736C
487,1,HLA-DPA10104-DPB10201,RLFFEFYCLLHDARP,3,FEFYCLLHD,0.87,0,seq_8,0.00737,23.24,,0.54054,5.33,144.21,,DNMT3A,R736C,ch,DNMT3A_R736C
3232,1,HLA-DPA10104-DPB10202,RLFFEFYCLLHDARP,3,FEFYCLLHD,0.85,0,seq_8,0.014651,24.78,,0.544307,5.98,138.45,,DNMT3A,R736C,ch,DNMT3A_R736C
3995,1,HLA-DPA10104-DPB10301,TGRLFFEFYCLLHDA,3,LFFEFYCLL,0.45,0,seq_6,0.000243,71.94,,0.31112,19.77,1725.94,,DNMT3A,R736C,ch,DNMT3A_R736C
7535,1,HLA-DPA10104-DPB10401,TGRLFFEFYCLLHDA,3,LFFEFYCLL,0.95,0,seq_6,0.031288,7.36,,0.580271,2.71,93.82,,DNMT3A,R736C,ch,DNMT3A_R736C
4025,1,HLA-DPA10104-DPB10402,TGRLFFEFYCLLHDA,3,LFFEFYCLL,0.95,0,seq_6,0.025703,11.56,,0.456053,4.42,359.74,,DNMT3A,R736C,ch,DNMT3A_R736C
409,1,HLA-DPA10104-DPB10501,GTGRLFFEFYCLLHD,4,LFFEFYCLL,0.31,0,seq_5,0.024315,20.08,,0.514166,2.29,191.83,,DNMT3A,R736C,ch,DNMT3A_R736C
964,1,HLA-DPA10104-DPB10601,GTGRLFFEFYCLLHD,3,RLFFEFYCL,0.79,0,seq_5,0.002579,45.58,,0.50162,2.76,219.72,,DNMT3A,R736C,ch,DNMT3A_R736C
4324,1,HLA-DPA10104-DPB10901,GTGRLFFEFYCLLHD,3,RLFFEFYCL,0.91,0,seq_5,0.006608,31.05,,0.347529,8.05,1163.97,,DNMT3A,R736C,ch,DNMT3A_R736C
3904,1,HLA-DPA10104-DPB11001,GTGRLFFEFYCLLHD,3,RLFFEFYCL,0.91,0,seq_5,0.006608,31.05,,0.347529,8.05,1163.97,,DNMT3A,R736C,ch,DNMT3A_R736C
1342,1,HLA-DPA10104-DPB11101,RLFFEFYCLLHDARP,3,FEFYCLLHD,0.68,0,seq_8,0.004681,30.16,,0.534537,2.96,153.89,,DNMT3A,R736C,ch,DNMT3A_R736C
7762,1,HLA-DPA10104-DPB11301,RLFFEFYCLLHDARP,3,FEFYCLLHD,0.81,0,seq_8,0.003039,39.61,,0.470887,5.24,306.4,,DNMT3A,R736C,ch,DNMT3A_R736C
1294,1,HLA-DPA10104-DPB11401,GTGRLFFEFYCLLHD,3,RLFFEFYCL,0.63,0,seq_5,0.001198,52.61,,0.253334,20.28,3225.23,,DNMT3A,R736C,ch,DNMT3A_R736C
6517,1,HLA-DPA10104-DPB11501,RLFFEFYCLLHDARP,3,FEFYCLLHD,0.92,0,seq_8,0.015543,28.18,,0.650122,2.83,44.06,,DNMT3A,R736C,ch,DNMT3A_R736C
3349,1,HLA-DPA10104-DPB11601,GTGRLFFEFYCLLHD,3,RLFFEFYCL,0.88,0,seq_5,0.048991,12.49,,0.631037,0.96,54.17,,DNMT3A,R736C,ch,DNMT3A_R736C
3529,1,HLA-DPA10104-DPB11701,GTGRLFFEFYCLLHD,3,RLFFEFYCL,0.93,0,seq_5,0.018426,23.91,,0.405213,4.23,623.57,,DNMT3A,R736C,ch,DNMT3A_R736C
6845,1,HLA-DPA10104-DPB11801,TGRLFFEFYCLLHDA,3,LFFEFYCLL,0.87,0,seq_6,0.017206,44.46,,0.499183,5.33,225.59,,DNMT3A,R736C,ch,DNMT3A_R736C
385,1,HLA-DPA10104-DPB11901,FEFYCLLHDARPKEG,4,RADHLLCYF,0.89,1,seq_11,0.038329,13.07,,0.37938,21.47,824.66,,DNMT3A,R736C,ch,DNMT3A_R736C
1251,1,HLA-DPA10104-DPB12001,GRLFFEFYCLLHDAR,3,FFEFYCLLH,0.48,0,seq_7,0.000927,65.23,,0.387764,9.74,753.15,,DNMT3A,R736C,ch,DNMT3A_R736C
79,1,HLA-DPA10104-DPB12101,GTGRLFFEFYCLLHD,3,RLFFEFYCL,0.78,0,seq_5,0.005746,38.83,,0.453452,3.77,370.01,,DNMT3A,R736C,ch,DNMT3A_R736C
6745,1,HLA-DPA10104-DPB12201,FEFYCLLHDARPKEG,4,RADHLLCYF,0.93,1,seq_11,0.063938,9.53,,0.41799,15.31,543.06,,DNMT3A,R736C,ch,DNMT3A_R736C
4400,1,HLA-DPA10104-DPB12301,TGRLFFEFYCLLHDA,3,LFFEFYCLL,0.95,0,seq_6,0.031288,7.36,,0.580271,2.71,93.82,,DNMT3A,R736C,ch,DNMT3A_R736C
7189,1,HLA-DPA10104-DPB12601,GTGRLFFEFYCLLHD,3,RLFFEFYCL,0.36,0,seq_5,0.000903,51.39,,0.398789,7.76,668.46,,DNMT3A,R736C,ch,DNMT3A_R736C
4100,1,HLA-DPA10104-DPB12801,TGRLFFEFYCLLHDA,3,LFFEFYCLL,0.9,0,seq_6,0.014087,24.76,,0.489419,4.04,250.73,,DNMT3A,R736C,ch,DNMT3A_R736C
154,1,HLA-DPA10104-DPB13001,GTGRLFFEFYCLLHD,3,RLFFEFYCL,0.93,0,seq_5,0.018215,25.63,,0.394133,4.9,702.99,,DNMT3A,R736C,ch,DNMT3A_R736C
4235,1,HLA-DPA10104-DPB13101,TGRLFFEFYCLLHDA,3,LFFEFYCLL,0.64,0,seq_6,0.017215,21.46,,0.633763,1.32,52.59,,DNMT3A,R736C,ch,DNMT3A_R736C
7102,1,HLA-DPA10104-DPB13301,RLFFEFYCLLHDARP,3,FEFYCLLHD,0.92,0,seq_8,0.01557,15.98,,0.67347,2.99,34.23,,DNMT3A,R736C,ch,DNMT3A_R736C
860,1,HLA-DPA10104-DPB13401,TGRLFFEFYCLLHDA,3,LFFEFYCLL,0.87,0,seq_6,0.007493,26.52,,0.570261,3.03,104.55,,DNMT3A,R736C,ch,DNMT3A_R736C
664,1,HLA-DPA10104-DPB13501,GTGRLFFEFYCLLHD,3,RLFFEFYCL,0.65,0,seq_5,0.001558,51.08,,0.246849,17.59,3459.66,,DNMT3A,R736C,ch,DNMT3A_R736C
7040,1,HLA-DPA10104-DPB14001,TGRLFFEFYCLLHDA,3,LFFEFYCLL,0.86,0,seq_6,0.01072,17.49,,0.547118,2.57,134.3,,DNMT3A,R736C,ch,DNMT3A_R736C
7309,1,HLA-DPA10104-DPB14501,GTGRLFFEFYCLLHD,3,RLFFEFYCL,0.63,0,seq_5,0.001198,52.61,,0.253334,20.28,3225.23,,DNMT3A,R736C,ch,DNMT3A_R736C
6802,1,HLA-DPA10104-DPB14801,RLFFEFYCLLHDARP,3,FEFYCLLHD,0.87,0,seq_8,0.00737,23.24,,0.54054,5.33,144.21,,DNMT3A,R736C,ch,DNMT3A_R736C
787,1,HLA-DPA10104-DPB18101,RLFFEFYCLLHDARP,3,FEFYCLLHD,0.87,0,seq_8,0.00737,23.24,,0.54054,5.33,144.21,,DNMT3A,R736C,ch,DNMT3A_R736C
1069,1,HLA-DPA10104-DPB18501,GTGRLFFEFYCLLHD,3,RLFFEFYCL,0.38,0,seq_5,0.004842,34.84,,0.469272,3.13,311.8,,DNMT3A,R736C,ch,DNMT3A_R736C
1055,1,HLA-DPA10105-DPB10101,TGRLFFEFYCLLHDA,3,LFFEFYCLL,0.65,0,seq_6,0.013398,33.07,,0.568694,2.97,106.34,,DNMT3A,R736C,ch,DNMT3A_R736C
6577,1,HLA-DPA10105-DPB10201,RLFFEFYCLLHDARP,3,FEFYCLLHD,0.87,0,seq_8,0.00737,23.24,,0.54054,5.33,144.21,,DNMT3A,R736C,ch,DNMT3A_R736C
1282,1,HLA-DPA10105-DPB10202,RLFFEFYCLLHDARP,3,FEFYCLLHD,0.85,0,seq_8,0.014651,24.78,,0.544307,5.98,138.45,,DNMT3A,R736C,ch,DNMT3A_R736C
1205,1,HLA-DPA10105-DPB10301,TGRLFFEFYCLLHDA,3,LFFEFYCLL,0.45,0,seq_6,0.000243,71.94,,0.31112,19.77,1725.94,,DNMT3A,R736C,ch,DNMT3A_R736C
110,1,HLA-DPA10105-DPB10401,TGRLFFEFYCLLHDA,3,LFFEFYCLL,0.95,0,seq_6,0.031288,7.36,,0.580271,2.71,93.82,,DNMT3A,R736C,ch,DNMT3A_R736C
3560,1,HLA-DPA10105-DPB10402,TGRLFFEFYCLLHDA,3,LFFEFYCLL,0.95,0,seq_6,0.025703,11.56,,0.456053,4.42,359.74,,DNMT3A,R736C,ch,DNMT3A_R736C
199,1,HLA-DPA10105-DPB10501,GTGRLFFEFYCLLHD,4,LFFEFYCLL,0.31,0,seq_5,0.024315,20.08,,0.514166,2.29,191.83,,DNMT3A,R736C,ch,DNMT3A_R736C
7744,1,HLA-DPA10105-DPB10601,GTGRLFFEFYCLLHD,3,RLFFEFYCL,0.79,0,seq_5,0.002579,45.58,,0.50162,2.76,219.72,,DNMT3A,R736C,ch,DNMT3A_R736C
6709,1,HLA-DPA10105-DPB10901,GTGRLFFEFYCLLHD,3,RLFFEFYCL,0.91,0,seq_5,0.006608,31.05,,0.347529,8.05,1163.97,,DNMT3A,R736C,ch,DNMT3A_R736C
6979,1,HLA-DPA10105-DPB11001,GTGRLFFEFYCLLHD,3,RLFFEFYCL,0.91,0,seq_5,0.006608,31.05,,0.347529,8.05,1163.97,,DNMT3A,R736C,ch,DNMT3A_R736C
637,1,HLA-DPA10105-DPB11101,RLFFEFYCLLHDARP,3,FEFYCLLHD,0.68,0,seq_8,0.004681,30.16,,0.534537,2.96,153.89,,DNMT3A,R736C,ch,DNMT3A_R736C
982,1,HLA-DPA10105-DPB11301,RLFFEFYCLLHDARP,3,FEFYCLLHD,0.81,0,seq_8,0.003039,39.61,,0.470887,5.24,306.4,,DNMT3A,R736C,ch,DNMT3A_R736C
19,1,HLA-DPA10105-DPB11401,GTGRLFFEFYCLLHD,3,RLFFEFYCL,0.63,0,seq_5,0.001198,52.61,,0.253334,20.28,3225.23,,DNMT3A,R736C,ch,DNMT3A_R736C
6877,1,HLA-DPA10105-DPB11501,RLFFEFYCLLHDARP,3,FEFYCLLHD,0.92,0,seq_8,0.015543,28.18,,0.650122,2.83,44.06,,DNMT3A,R736C,ch,DNMT3A_R736C
7579,1,HLA-DPA10105-DPB11601,GTGRLFFEFYCLLHD,3,RLFFEFYCL,0.88,0,seq_5,0.048991,12.49,,0.631037,0.96,54.17,,DNMT3A,R736C,ch,DNMT3A_R736C
7204,1,HLA-DPA10105-DPB11701,GTGRLFFEFYCLLHD,3,RLFFEFYCL,0.93,0,seq_5,0.018426,23.91,,0.405213,4.23,623.57,,DNMT3A,R736C,ch,DNMT3A_R736C
1220,1,HLA-DPA10105-DPB11801,TGRLFFEFYCLLHDA,3,LFFEFYCLL,0.87,0,seq_6,0.017206,44.46,,0.499183,5.33,225.59,,DNMT3A,R736C,ch,DNMT3A_R736C
70,1,HLA-DPA10105-DPB11901,FEFYCLLHDARPKEG,4,RADHLLCYF,0.89,1,seq_11,0.038329,13.07,,0.37938,21.47,824.66,,DNMT3A,R736C,ch,DNMT3A_R736C
186,1,HLA-DPA10105-DPB12001,GRLFFEFYCLLHDAR,3,FFEFYCLLH,0.48,0,seq_7,0.000927,65.23,,0.387764,9.74,753.15,,DNMT3A,R736C,ch,DNMT3A_R736C
3499,1,HLA-DPA10105-DPB12101,GTGRLFFEFYCLLHD,3,RLFFEFYCL,0.78,0,seq_5,0.005746,38.83,,0.453452,3.77,370.01,,DNMT3A,R736C,ch,DNMT3A_R736C
1195,1,HLA-DPA10105-DPB12201,FEFYCLLHDARPKEG,4,RADHLLCYF,0.93,1,seq_11,0.063938,9.53,,0.41799,15.31,543.06,,DNMT3A,R736C,ch,DNMT3A_R736C
260,1,HLA-DPA10105-DPB12301,TGRLFFEFYCLLHDA,3,LFFEFYCLL,0.95,0,seq_6,0.031288,7.36,,0.580271,2.71,93.82,,DNMT3A,R736C,ch,DNMT3A_R736C
3454,1,HLA-DPA10105-DPB12601,GTGRLFFEFYCLLHD,3,RLFFEFYCL,0.36,0,seq_5,0.000903,51.39,,0.398789,7.76,668.46,,DNMT3A,R736C,ch,DNMT3A_R736C
4250,1,HLA-DPA10105-DPB12801,TGRLFFEFYCLLHDA,3,LFFEFYCLL,0.9,0,seq_6,0.014087,24.76,,0.489419,4.04,250.73,,DNMT3A,R736C,ch,DNMT3A_R736C
3514,1,HLA-DPA10105-DPB13001,GTGRLFFEFYCLLHD,3,RLFFEFYCL,0.93,0,seq_5,0.018215,25.63,,0.394133,4.9,702.99,,DNMT3A,R736C,ch,DNMT3A_R736C
170,1,HLA-DPA10105-DPB13101,TGRLFFEFYCLLHDA,3,LFFEFYCLL,0.64,0,seq_6,0.017215,21.46,,0.633763,1.32,52.59,,DNMT3A,R736C,ch,DNMT3A_R736C
3202,1,HLA-DPA10105-DPB13301,RLFFEFYCLLHDARP,3,FEFYCLLHD,0.92,0,seq_8,0.01557,15.98,,0.67347,2.99,34.23,,DNMT3A,R736C,ch,DNMT3A_R736C
7805,1,HLA-DPA10105-DPB13401,TGRLFFEFYCLLHDA,3,LFFEFYCLL,0.87,0,seq_6,0.007493,26.52,,0.570261,3.03,104.55,,DNMT3A,R736C,ch,DNMT3A_R736C
4114,1,HLA-DPA10105-DPB13501,GTGRLFFEFYCLLHD,3,RLFFEFYCL,0.65,0,seq_5,0.001558,51.08,,0.246849,17.59,3459.66,,DNMT3A,R736C,ch,DNMT3A_R736C
800,1,HLA-DPA10105-DPB14001,TGRLFFEFYCLLHDA,3,LFFEFYCLL,0.86,0,seq_6,0.01072,17.49,,0.547118,2.57,134.3,,DNMT3A,R736C,ch,DNMT3A_R736C
7294,1,HLA-DPA10105-DPB14501,GTGRLFFEFYCLLHD,3,RLFFEFYCL,0.63,0,seq_5,0.001198,52.61,,0.253334,20.28,3225.23,,DNMT3A,R736C,ch,DNMT3A_R736C
337,1,HLA-DPA10105-DPB14801,RLFFEFYCLLHDARP,3,FEFYCLLHD,0.87,0,seq_8,0.00737,23.24,,0.54054,5.33,144.21,,DNMT3A,R736C,ch,DNMT3A_R736C
6937,1,HLA-DPA10105-DPB18101,RLFFEFYCLLHDARP,3,FEFYCLLHD,0.87,0,seq_8,0.00737,23.24,,0.54054,5.33,144.21,,DNMT3A,R736C,ch,DNMT3A_R736C
124,1,HLA-DPA10105-DPB18501,GTGRLFFEFYCLLHD,3,RLFFEFYCL,0.38,0,seq_5,0.004842,34.84,,0.469272,3.13,311.8,,DNMT3A,R736C,ch,DNMT3A_R736C
830,1,HLA-DPA10107-DPB10101,TGRLFFEFYCLLHDA,3,LFFEFYCLL,0.65,0,seq_6,0.013398,33.07,,0.568694,2.97,106.34,,DNMT3A,R736C,ch,DNMT3A_R736C
3307,1,HLA-DPA10107-DPB10201,RLFFEFYCLLHDARP,3,FEFYCLLHD,0.87,0,seq_8,0.00737,23.24,,0.54054,5.33,144.21,,DNMT3A,R736C,ch,DNMT3A_R736C
577,1,HLA-DPA10107-DPB10202,RLFFEFYCLLHDARP,3,FEFYCLLHD,0.85,0,seq_8,0.014651,24.78,,0.544307,5.98,138.45,,DNMT3A,R736C,ch,DNMT3A_R736C
4040,1,HLA-DPA10107-DPB10301,TGRLFFEFYCLLHDA,3,LFFEFYCLL,0.45,0,seq_6,0.000243,71.94,,0.31112,19.77,1725.94,,DNMT3A,R736C,ch,DNMT3A_R736C
890,1,HLA-DPA10107-DPB10401,TGRLFFEFYCLLHDA,3,LFFEFYCLL,0.95,0,seq_6,0.031288,7.36,,0.580271,2.71,93.82,,DNMT3A,R736C,ch,DNMT3A_R736C
7340,1,HLA-DPA10107-DPB10402,TGRLFFEFYCLLHDA,3,LFFEFYCLL,0.95,0,seq_6,0.025703,11.56,,0.456053,4.42,359.74,,DNMT3A,R736C,ch,DNMT3A_R736C
3724,1,HLA-DPA10107-DPB10501,GTGRLFFEFYCLLHD,4,LFFEFYCLL,0.31,0,seq_5,0.024315,20.08,,0.514166,2.29,191.83,,DNMT3A,R736C,ch,DNMT3A_R736C
3424,1,HLA-DPA10107-DPB10601,GTGRLFFEFYCLLHD,3,RLFFEFYCL,0.79,0,seq_5,0.002579,45.58,,0.50162,2.76,219.72,,DNMT3A,R736C,ch,DNMT3A_R736C
244,1,HLA-DPA10107-DPB10901,GTGRLFFEFYCLLHD,3,RLFFEFYCL,0.91,0,seq_5,0.006608,31.05,,0.347529,8.05,1163.97,,DNMT3A,R736C,ch,DNMT3A_R736C
7729,1,HLA-DPA10107-DPB11001,GTGRLFFEFYCLLHD,3,RLFFEFYCL,0.91,0,seq_5,0.006608,31.05,,0.347529,8.05,1163.97,,DNMT3A,R736C,ch,DNMT3A_R736C
3832,1,HLA-DPA10107-DPB11101,RLFFEFYCLLHDARP,3,FEFYCLLHD,0.68,0,seq_8,0.004681,30.16,,0.534537,2.96,153.89,,DNMT3A,R736C,ch,DNMT3A_R736C
6862,1,HLA-DPA10107-DPB11301,RLFFEFYCLLHDARP,3,FEFYCLLHD,0.81,0,seq_8,0.003039,39.61,,0.470887,5.24,306.4,,DNMT3A,R736C,ch,DNMT3A_R736C
844,1,HLA-DPA10107-DPB11401,GTGRLFFEFYCLLHD,3,RLFFEFYCL,0.63,0,seq_5,0.001198,52.61,,0.253334,20.28,3225.23,,DNMT3A,R736C,ch,DNMT3A_R736C
4192,1,HLA-DPA10107-DPB11501,RLFFEFYCLLHDARP,3,FEFYCLLHD,0.92,0,seq_8,0.015543,28.18,,0.650122,2.83,44.06,,DNMT3A,R736C,ch,DNMT3A_R736C
6889,1,HLA-DPA10107-DPB11601,GTGRLFFEFYCLLHD,3,RLFFEFYCL,0.88,0,seq_5,0.048991,12.49,,0.631037,0.96,54.17,,DNMT3A,R736C,ch,DNMT3A_R736C
4174,1,HLA-DPA10107-DPB11701,GTGRLFFEFYCLLHD,3,RLFFEFYCL,0.93,0,seq_5,0.018426,23.91,,0.405213,4.23,623.57,,DNMT3A,R736C,ch,DNMT3A_R736C
7835,1,HLA-DPA10107-DPB11801,TGRLFFEFYCLLHDA,3,LFFEFYCLL,0.87,0,seq_6,0.017206,44.46,,0.499183,5.33,225.59,,DNMT3A,R736C,ch,DNMT3A_R736C
6595,1,HLA-DPA10107-DPB11901,FEFYCLLHDARPKEG,4,RADHLLCYF,0.89,1,seq_11,0.038329,13.07,,0.37938,21.47,824.66,,DNMT3A,R736C,ch,DNMT3A_R736C
7161,1,HLA-DPA10107-DPB12001,GRLFFEFYCLLHDAR,3,FFEFYCLLH,0.48,0,seq_7,0.000927,65.23,,0.387764,9.74,753.15,,DNMT3A,R736C,ch,DNMT3A_R736C
874,1,HLA-DPA10107-DPB12101,GTGRLFFEFYCLLHD,3,RLFFEFYCL,0.78,0,seq_5,0.005746,38.83,,0.453452,3.77,370.01,,DNMT3A,R736C,ch,DNMT3A_R736C
6925,1,HLA-DPA10107-DPB12201,FEFYCLLHDARPKEG,4,RADHLLCYF,0.93,1,seq_11,0.063938,9.53,,0.41799,15.31,543.06,,DNMT3A,R736C,ch,DNMT3A_R736C
3980,1,HLA-DPA10107-DPB12301,TGRLFFEFYCLLHDA,3,LFFEFYCLL,0.95,0,seq_6,0.031288,7.36,,0.580271,2.71,93.82,,DNMT3A,R736C,ch,DNMT3A_R736C
7054,1,HLA-DPA10107-DPB12601,GTGRLFFEFYCLLHD,3,RLFFEFYCL,0.36,0,seq_5,0.000903,51.39,,0.398789,7.76,668.46,,DNMT3A,R736C,ch,DNMT3A_R736C
3875,1,HLA-DPA10107-DPB12801,TGRLFFEFYCLLHDA,3,LFFEFYCLL,0.9,0,seq_6,0.014087,24.76,,0.489419,4.04,250.73,,DNMT3A,R736C,ch,DNMT3A_R736C
1084,1,HLA-DPA10107-DPB13001,GTGRLFFEFYCLLHD,3,RLFFEFYCL,0.93,0,seq_5,0.018215,25.63,,0.394133,4.9,702.99,,DNMT3A,R736C,ch,DNMT3A_R736C
35,1,HLA-DPA10107-DPB13101,TGRLFFEFYCLLHDA,3,LFFEFYCLL,0.64,0,seq_6,0.017215,21.46,,0.633763,1.32,52.59,,DNMT3A,R736C,ch,DNMT3A_R736C
3172,1,HLA-DPA10107-DPB13301,RLFFEFYCLLHDARP,3,FEFYCLLHD,0.92,0,seq_8,0.01557,15.98,,0.67347,2.99,34.23,,DNMT3A,R736C,ch,DNMT3A_R736C
7235,1,HLA-DPA10107-DPB13401,TGRLFFEFYCLLHDA,3,LFFEFYCLL,0.87,0,seq_6,0.007493,26.52,,0.570261,3.03,104.55,,DNMT3A,R736C,ch,DNMT3A_R736C
439,1,HLA-DPA10107-DPB13501,GTGRLFFEFYCLLHD,3,RLFFEFYCL,0.65,0,seq_5,0.001558,51.08,,0.246849,17.59,3459.66,,DNMT3A,R736C,ch,DNMT3A_R736C
4265,1,HLA-DPA10107-DPB14001,TGRLFFEFYCLLHDA,3,LFFEFYCLL,0.86,0,seq_6,0.01072,17.49,,0.547118,2.57,134.3,,DNMT3A,R736C,ch,DNMT3A_R736C
6619,1,HLA-DPA10107-DPB14501,GTGRLFFEFYCLLHD,3,RLFFEFYCL,0.63,0,seq_5,0.001198,52.61,,0.253334,20.28,3225.23,,DNMT3A,R736C,ch,DNMT3A_R736C
6667,1,HLA-DPA10107-DPB14801,RLFFEFYCLLHDARP,3,FEFYCLLHD,0.87,0,seq_8,0.00737,23.24,,0.54054,5.33,144.21,,DNMT3A,R736C,ch,DNMT3A_R736C
3937,1,HLA-DPA10107-DPB18101,RLFFEFYCLLHDARP,3,FEFYCLLHD,0.87,0,seq_8,0.00737,23.24,,0.54054,5.33,144.21,,DNMT3A,R736C,ch,DNMT3A_R736C
3469,1,HLA-DPA10107-DPB18501,GTGRLFFEFYCLLHD,3,RLFFEFYCL,0.38,0,seq_5,0.004842,34.84,,0.469272,3.13,311.8,,DNMT3A,R736C,ch,DNMT3A_R736C
2032,1,HLA-DPA10201-DPB10101,RLFFEFYCLLHDARP,3,FEFYCLLHD,0.71,0,seq_8,0.003988,45.08,,0.506319,5.88,208.83,,DNMT3A,R736C,ch,DNMT3A_R736C
3247,1,HLA-DPA10201-DPB10201,RLFFEFYCLLHDARP,3,FEFYCLLHD,0.67,0,seq_8,0.006919,28.73,,0.464632,7.7,327.85,,DNMT3A,R736C,ch,DNMT3A_R736C
4384,1,HLA-DPA10201-DPB10202,GTGRLFFEFYCLLHD,3,RLFFEFYCL,0.59,0,seq_5,0.014767,34.74,,0.550247,4.66,129.83,,DNMT3A,R736C,ch,DNMT3A_R736C
776,1,HLA-DPA10201-DPB10301,EFYCLLHDARPKEGD,3,KPRADHLLC,0.41,1,seq_12,0.000317,72.25,,0.170127,59.21,7935.02,,DNMT3A,R736C,ch,DNMT3A_R736C
3320,1,HLA-DPA10201-DPB10401,TGRLFFEFYCLLHDA,3,LFFEFYCLL,0.9,0,seq_6,0.012694,12.21,,0.499267,3.5,225.39,,DNMT3A,R736C,ch,DNMT3A_R736C
605,1,HLA-DPA10201-DPB10402,TGRLFFEFYCLLHDA,3,LFFEFYCLL,0.91,0,seq_6,0.008099,21.66,,0.376977,5.81,846.38,,DNMT3A,R736C,ch,DNMT3A_R736C
7676,1,HLA-DPA10201-DPB10501,EFYCLLHDARPKEGD,5,RADHLLCYF,0.66,1,seq_12,0.020612,25.62,,0.256718,34.14,3109.28,,DNMT3A,R736C,ch,DNMT3A_R736C
280,1,HLA-DPA10201-DPB10601,FEFYCLLHDARPKEG,4,RADHLLCYF,0.86,1,seq_11,0.007252,39.5,,0.303453,31.63,1875.23,,DNMT3A,R736C,ch,DNMT3A_R736C
7249,1,HLA-DPA10201-DPB10901,GTGRLFFEFYCLLHD,3,RLFFEFYCL,0.89,0,seq_5,0.003025,40.74,,0.311989,17.2,1709.79,,DNMT3A,R736C,ch,DNMT3A_R736C
6994,1,HLA-DPA10201-DPB11001,GTGRLFFEFYCLLHD,3,RLFFEFYCL,0.89,0,seq_5,0.003025,40.74,,0.311989,17.2,1709.79,,DNMT3A,R736C,ch,DNMT3A_R736C
4072,1,HLA-DPA10201-DPB11101,RLFFEFYCLLHDARP,3,FEFYCLLHD,0.76,0,seq_8,0.003113,40.08,,0.523447,4.53,173.5,,DNMT3A,R736C,ch,DNMT3A_R736C
7387,1,HLA-DPA10201-DPB11301,RLFFEFYCLLHDARP,3,FEFYCLLHD,0.79,0,seq_8,0.001612,49.34,,0.450499,10.63,382.02,,DNMT3A,R736C,ch,DNMT3A_R736C
296,1,HLA-DPA10201-DPB11401,EFYCLLHDARPKEGD,3,KPRADHLLC,0.36,1,seq_12,0.001384,52.18,,0.123064,64.44,13203.71,,DNMT3A,R736C,ch,DNMT3A_R736C
3577,1,HLA-DPA10201-DPB11501,RLFFEFYCLLHDARP,3,FEFYCLLHD,0.83,0,seq_8,0.01156,34.34,,0.611332,3.11,67.04,,DNMT3A,R736C,ch,DNMT3A_R736C
7684,1,HLA-DPA10201-DPB11601,GTGRLFFEFYCLLHD,3,RLFFEFYCL,0.9,0,seq_5,0.01341,27.32,,0.561512,1.74,114.93,,DNMT3A,R736C,ch,DNMT3A_R736C
4309,1,HLA-DPA10201-DPB11701,GTGRLFFEFYCLLHD,3,RLFFEFYCL,0.89,0,seq_5,0.012333,30.82,,0.378331,9.55,834.07,,DNMT3A,R736C,ch,DNMT3A_R736C
530,1,HLA-DPA10201-DPB11801,TGRLFFEFYCLLHDA,3,LFFEFYCLL,0.7,0,seq_6,0.004655,57.55,,0.420633,8.1,527.75,,DNMT3A,R736C,ch,DNMT3A_R736C
3220,1,HLA-DPA10201-DPB11901,FEFYCLLHDARPKEG,4,RADHLLCYF,0.9,1,seq_11,0.023736,22.05,,0.378784,22.34,829.99,,DNMT3A,R736C,ch,DNMT3A_R736C
7419,1,HLA-DPA10201-DPB12001,FFEFYCLLHDARPKE,3,RADHLLCYF,0.69,1,seq_10,0.001175,66.46,,0.259294,33.41,3023.81,,DNMT3A,R736C,ch,DNMT3A_R736C
1240,1,HLA-DPA10201-DPB12101,FEFYCLLHDARPKEG,4,RADHLLCYF,0.89,1,seq_11,0.013445,35.93,,0.280805,37.52,2395.94,,DNMT3A,R736C,ch,DNMT3A_R736C
1120,1,HLA-DPA10201-DPB12201,FEFYCLLHDARPKEG,4,RADHLLCYF,0.93,1,seq_11,0.051248,15.89,,0.412366,17.14,577.13,,DNMT3A,R736C,ch,DNMT3A_R736C
7430,1,HLA-DPA10201-DPB12301,TGRLFFEFYCLLHDA,3,LFFEFYCLL,0.9,0,seq_6,0.012694,12.21,,0.499267,3.5,225.39,,DNMT3A,R736C,ch,DNMT3A_R736C
3761,1,HLA-DPA10201-DPB12601,EFYCLLHDARPKEGD,5,LHDARPKEG,0.39,0,seq_12,0.000372,66.59,,0.187145,61.96,6600.57,,DNMT3A,R736C,ch,DNMT3A_R736C
4205,1,HLA-DPA10201-DPB12801,TGRLFFEFYCLLHDA,3,LFFEFYCLL,0.81,0,seq_6,0.001624,52.31,,0.394252,6.72,702.09,,DNMT3A,R736C,ch,DNMT3A_R736C
7150,1,HLA-DPA10201-DPB13001,FEFYCLLHDARPKEG,4,RADHLLCYF,0.95,1,seq_11,0.014026,35.79,,0.212034,48.99,5042.3,,DNMT3A,R736C,ch,DNMT3A_R736C
4299,1,HLA-DPA10201-DPB13101,FFEFYCLLHDARPKE,3,FYCLLHDAR,0.72,0,seq_10,0.004062,41.86,,0.461242,10.31,340.1,,DNMT3A,R736C,ch,DNMT3A_R736C
7777,1,HLA-DPA10201-DPB13301,RLFFEFYCLLHDARP,3,FEFYCLLHD,0.83,0,seq_8,0.015808,17.42,,0.599925,4.41,75.85,,DNMT3A,R736C,ch,DNMT3A_R736C
1107,1,HLA-DPA10201-DPB13401,FYCLLHDARPKEGDD,3,LLHDARPKE,0.71,0,seq_13,0.002039,47.68,,0.247426,49.85,3438.13,,DNMT3A,R736C,ch,DNMT3A_R736C
6658,1,HLA-DPA10201-DPB13501,YCLLHDARPKEGDDR,5,DARPKEGDD,0.33,0,seq_14,0.001328,52.83,,0.067059,83.58,24202.59,,DNMT3A,R736C,ch,DNMT3A_R736C
1130,1,HLA-DPA10201-DPB14001,TGRLFFEFYCLLHDA,3,LFFEFYCLL,0.75,0,seq_6,0.001312,44.74,,0.475312,3.16,292.07,,DNMT3A,R736C,ch,DNMT3A_R736C
3626,1,HLA-DPA10201-DPB14501,EFYCLLHDARPKEGD,3,KPRADHLLC,0.36,1,seq_12,0.001384,52.18,,0.123064,64.44,13203.71,,DNMT3A,R736C,ch,DNMT3A_R736C
3412,1,HLA-DPA10201-DPB14801,RLFFEFYCLLHDARP,3,FEFYCLLHD,0.67,0,seq_8,0.006919,28.73,,0.464632,7.7,327.85,,DNMT3A,R736C,ch,DNMT3A_R736C
3157,1,HLA-DPA10201-DPB18101,RLFFEFYCLLHDARP,3,FEFYCLLHD,0.67,0,seq_8,0.006919,28.73,,0.464632,7.7,327.85,,DNMT3A,R736C,ch,DNMT3A_R736C
3292,1,HLA-DPA10201-DPB18501,RLFFEFYCLLHDARP,3,FEFYCLLHD,0.64,0,seq_8,0.001145,58.9,,0.437465,6.37,439.88,,DNMT3A,R736C,ch,DNMT3A_R736C
3667,1,HLA-DPA10202-DPB10101,RLFFEFYCLLHDARP,3,FEFYCLLHD,0.57,0,seq_8,0.0097,40.21,,0.563341,9.11,112.68,,DNMT3A,R736C,ch,DNMT3A_R736C
7132,1,HLA-DPA10202-DPB10201,RLFFEFYCLLHDARP,3,FEFYCLLHD,0.59,0,seq_8,0.019011,39.86,,0.549386,13.38,131.05,,DNMT3A,R736C,ch,DNMT3A_R736C
7074,1,HLA-DPA10202-DPB10202,FFEFYCLLHDARPKE,3,FYCLLHDAR,0.72,0,seq_10,0.035909,45.4,,0.511764,28.87,196.88,,DNMT3A,R736C,ch,DNMT3A_R736C
7091,1,HLA-DPA10202-DPB10301,EFYCLLHDARPKEGD,3,KPRADHLLC,0.28,1,seq_12,0.002444,60.2,,0.237091,64.12,3844.91,,DNMT3A,R736C,ch,DNMT3A_R736C
1160,1,HLA-DPA10202-DPB10401,TGRLFFEFYCLLHDA,3,LFFEFYCLL,0.83,0,seq_6,0.011626,23.73,,0.577853,4.76,96.31,,DNMT3A,R736C,ch,DNMT3A_R736C
3740,1,HLA-DPA10202-DPB10402,TGRLFFEFYCLLHDA,3,LFFEFYCLL,0.83,0,seq_6,0.019287,28.15,,0.468637,9.02,313.95,,DNMT3A,R736C,ch,DNMT3A_R736C
4134,1,HLA-DPA10202-DPB10501,FFEFYCLLHDARPKE,3,RADHLLCYF,0.95,1,seq_10,0.042641,18.25,,0.462554,15.37,335.31,,DNMT3A,R736C,ch,DNMT3A_R736C
7660,1,HLA-DPA10202-DPB10601,FEFYCLLHDARPKEG,4,RADHLLCYF,0.91,1,seq_11,0.026558,34.39,,0.400868,36.64,653.59,,DNMT3A,R736C,ch,DNMT3A_R736C
7705,1,HLA-DPA10202-DPB10901,FEFYCLLHDARPKEG,4,RADHLLCYF,0.87,1,seq_11,0.005645,51.42,,0.230153,61.69,4144.65,,DNMT3A,R736C,ch,DNMT3A_R736C
6835,1,HLA-DPA10202-DPB11001,FEFYCLLHDARPKEG,4,RADHLLCYF,0.87,1,seq_11,0.005645,51.42,,0.230153,61.69,4144.65,,DNMT3A,R736C,ch,DNMT3A_R736C
7717,1,HLA-DPA10202-DPB11101,RLFFEFYCLLHDARP,3,FEFYCLLHD,0.6,0,seq_8,0.003321,52.97,,0.577668,8.12,96.5,,DNMT3A,R736C,ch,DNMT3A_R736C
370,1,HLA-DPA10202-DPB11301,FEFYCLLHDARPKEG,4,RADHLLCYF,0.8,1,seq_11,0.00546,47.22,,0.413982,41.06,567.13,,DNMT3A,R736C,ch,DNMT3A_R736C
6611,1,HLA-DPA10202-DPB11401,EFYCLLHDARPKEGD,3,KPRADHLLC,0.29,1,seq_12,0.004709,51.61,,0.183833,66.82,6841.39,,DNMT3A,R736C,ch,DNMT3A_R736C
7222,1,HLA-DPA10202-DPB11501,RLFFEFYCLLHDARP,3,FEFYCLLHD,0.73,0,seq_8,0.019434,32.76,,0.641309,8.35,48.47,,DNMT3A,R736C,ch,DNMT3A_R736C
6535,1,HLA-DPA10202-DPB11601,FEFYCLLHDARPKEG,4,RADHLLCYF,0.89,1,seq_11,0.058308,15.52,,0.465095,23.4,326.21,,DNMT3A,R736C,ch,DNMT3A_R736C
7495,1,HLA-DPA10202-DPB11701,FEFYCLLHDARPKEG,4,RADHLLCYF,0.91,1,seq_11,0.018689,39.26,,0.270901,53.48,2666.95,,DNMT3A,R736C,ch,DNMT3A_R736C
102,1,HLA-DPA10202-DPB11801,FYCLLHDARPKEGDD,3,LLHDARPKE,0.36,0,seq_13,0.009282,59.7,,0.293488,59.17,2088.71,,DNMT3A,R736C,ch,DNMT3A_R736C
3655,1,HLA-DPA10202-DPB11901,FEFYCLLHDARPKEG,4,RADHLLCYF,0.9,1,seq_11,0.078433,13.21,,0.466668,28.07,320.71,,DNMT3A,R736C,ch,DNMT3A_R736C
3805,1,HLA-DPA10202-DPB12001,FEFYCLLHDARPKEG,4,RADHLLCYF,0.7,1,seq_11,0.006472,56.55,,0.320542,44.52,1558.67,,DNMT3A,R736C,ch,DNMT3A_R736C
325,1,HLA-DPA10202-DPB12101,FEFYCLLHDARPKEG,4,RADHLLCYF,0.96,1,seq_11,0.060173,23.77,,0.37598,41.9,855.56,,DNMT3A,R736C,ch,DNMT3A_R736C
7855,1,HLA-DPA10202-DPB12201,FEFYCLLHDARPKEG,4,RADHLLCYF,0.95,1,seq_11,0.121897,10.76,,0.516803,19.76,186.44,,DNMT3A,R736C,ch,DNMT3A_R736C
6755,1,HLA-DPA10202-DPB12301,TGRLFFEFYCLLHDA,3,LFFEFYCLL,0.83,0,seq_6,0.011626,23.73,,0.577853,4.76,96.31,,DNMT3A,R736C,ch,DNMT3A_R736C
7376,1,HLA-DPA10202-DPB12601,EFYCLLHDARPKEGD,5,RADHLLCYF,0.43,1,seq_12,0.001626,57.54,,0.268364,63.1,2741.17,,DNMT3A,R736C,ch,DNMT3A_R736C
3860,1,HLA-DPA10202-DPB12801,TGRLFFEFYCLLHDA,3,LFFEFYCLL,0.66,0,seq_6,0.005598,48.29,,0.466857,14.0,320.05,,DNMT3A,R736C,ch,DNMT3A_R736C
910,1,HLA-DPA10202-DPB13001,FEFYCLLHDARPKEG,4,RADHLLCYF,0.89,1,seq_11,0.057359,25.82,,0.285659,55.54,2273.35,,DNMT3A,R736C,ch,DNMT3A_R736C
145,1,HLA-DPA10202-DPB13101,FEFYCLLHDARPKEG,4,RADHLLCYF,0.59,1,seq_11,0.01898,24.13,,0.508048,19.88,204.96,,DNMT3A,R736C,ch,DNMT3A_R736C
4012,1,HLA-DPA10202-DPB13301,RLFFEFYCLLHDARP,3,FEFYCLLHD,0.87,0,seq_8,0.036006,20.24,,0.667802,6.4,36.39,,DNMT3A,R736C,ch,DNMT3A_R736C
7460,1,HLA-DPA10202-DPB13401,TGRLFFEFYCLLHDA,3,LFFEFYCLL,0.57,0,seq_6,0.00315,51.35,,0.566208,8.08,109.24,,DNMT3A,R736C,ch,DNMT3A_R736C
7016,1,HLA-DPA10202-DPB13501,EFYCLLHDARPKEGD,3,KPRADHLLC,0.37,1,seq_12,0.005307,48.99,,0.156564,70.03,9189.26,,DNMT3A,R736C,ch,DNMT3A_R736C
682,1,HLA-DPA10202-DPB14001,RLFFEFYCLLHDARP,3,FEFYCLLHD,0.67,0,seq_8,0.002476,43.68,,0.520608,8.18,178.92,,DNMT3A,R736C,ch,DNMT3A_R736C
626,1,HLA-DPA10202-DPB14501,EFYCLLHDARPKEGD,3,KPRADHLLC,0.29,1,seq_12,0.004709,51.61,,0.183833,66.82,6841.39,,DNMT3A,R736C,ch,DNMT3A_R736C
7267,1,HLA-DPA10202-DPB14801,RLFFEFYCLLHDARP,3,FEFYCLLHD,0.59,0,seq_8,0.019011,39.86,,0.549386,13.38,131.05,,DNMT3A,R736C,ch,DNMT3A_R736C
922,1,HLA-DPA10202-DPB18101,RLFFEFYCLLHDARP,3,FEFYCLLHD,0.59,0,seq_8,0.019011,39.86,,0.549386,13.38,131.05,,DNMT3A,R736C,ch,DNMT3A_R736C
3595,1,HLA-DPA10202-DPB18501,FEFYCLLHDARPKEG,4,RADHLLCYF,0.58,1,seq_11,0.003159,55.88,,0.371989,37.12,893.32,,DNMT3A,R736C,ch,DNMT3A_R736C
4282,1,HLA-DPA10301-DPB10101,RLFFEFYCLLHDARP,3,FEFYCLLHD,0.61,0,seq_8,0.014058,46.09,,0.593378,4.84,81.42,,DNMT3A,R736C,ch,DNMT3A_R736C
1147,1,HLA-DPA10301-DPB10201,RLFFEFYCLLHDARP,3,FEFYCLLHD,0.81,0,seq_8,0.036734,26.8,,0.637213,5.4,50.67,,DNMT3A,R736C,ch,DNMT3A_R736C
6727,1,HLA-DPA10301-DPB10202,RLFFEFYCLLHDARP,3,FEFYCLLHD,0.84,0,seq_8,0.059698,28.89,,0.638259,6.68,50.1,,DNMT3A,R736C,ch,DNMT3A_R736C
399,1,HLA-DPA10301-DPB10301,FFEFYCLLHDARPKE,3,FYCLLHDAR,0.5,0,seq_10,0.001746,68.94,,0.300646,33.09,1933.05,,DNMT3A,R736C,ch,DNMT3A_R736C
7117,1,HLA-DPA10301-DPB10401,RLFFEFYCLLHDARP,3,FEFYCLLHD,0.62,0,seq_8,0.010265,39.88,,0.618048,4.23,62.34,,DNMT3A,R736C,ch,DNMT3A_R736C
4160,1,HLA-DPA10301-DPB10402,TGRLFFEFYCLLHDA,3,LFFEFYCLL,0.8,0,seq_6,0.017377,36.91,,0.520025,7.35,180.05,,DNMT3A,R736C,ch,DNMT3A_R736C
3970,1,HLA-DPA10301-DPB10501,FEFYCLLHDARPKEG,4,RADHLLCYF,0.69,1,seq_11,0.027868,33.56,,0.413101,20.54,572.56,,DNMT3A,R736C,ch,DNMT3A_R736C
3787,1,HLA-DPA10301-DPB10601,RLFFEFYCLLHDARP,3,FEFYCLLHD,0.56,0,seq_8,0.005593,60.17,,0.499496,6.52,224.83,,DNMT3A,R736C,ch,DNMT3A_R736C
4369,1,HLA-DPA10301-DPB10901,GTGRLFFEFYCLLHD,3,RLFFEFYCL,0.82,0,seq_5,0.005912,56.57,,0.366071,12.41,952.39,,DNMT3A,R736C,ch,DNMT3A_R736C
7354,1,HLA-DPA10301-DPB11001,GTGRLFFEFYCLLHD,3,RLFFEFYCL,0.82,0,seq_5,0.005912,56.57,,0.366071,12.41,952.39,,DNMT3A,R736C,ch,DNMT3A_R736C
3187,1,HLA-DPA10301-DPB11101,RLFFEFYCLLHDARP,3,FEFYCLLHD,0.7,0,seq_8,0.011439,34.01,,0.579704,3.3,94.4,,DNMT3A,R736C,ch,DNMT3A_R736C
472,1,HLA-DPA10301-DPB11301,RLFFEFYCLLHDARP,3,FEFYCLLHD,0.67,0,seq_8,0.007239,44.76,,0.50093,7.08,221.37,,DNMT3A,R736C,ch,DNMT3A_R736C
424,1,HLA-DPA10301-DPB11401,GTGRLFFEFYCLLHD,3,RLFFEFYCL,0.62,0,seq_5,0.002539,66.66,,0.284415,24.41,2304.16,,DNMT3A,R736C,ch,DNMT3A_R736C
3142,1,HLA-DPA10301-DPB11501,RLFFEFYCLLHDARP,3,FEFYCLLHD,0.79,0,seq_8,0.011874,50.68,,0.698929,3.19,25.99,,DNMT3A,R736C,ch,DNMT3A_R736C
7029,1,HLA-DPA10301-DPB11601,FFEFYCLLHDARPKE,3,RADHLLCYF,0.77,1,seq_10,0.045458,22.38,,0.527588,10.74,165.9,,DNMT3A,R736C,ch,DNMT3A_R736C
6679,1,HLA-DPA10301-DPB11701,GTGRLFFEFYCLLHD,3,RLFFEFYCL,0.85,0,seq_5,0.012607,49.55,,0.416071,7.73,554.45,,DNMT3A,R736C,ch,DNMT3A_R736C
7447,1,HLA-DPA10301-DPB11801,RLFFEFYCLLHDARP,3,FEFYCLLHD,0.6,0,seq_8,0.015981,62.78,,0.528597,12.44,164.1,,DNMT3A,R736C,ch,DNMT3A_R736C
310,1,HLA-DPA10301-DPB11901,FEFYCLLHDARPKEG,4,RADHLLCYF,0.85,1,seq_11,0.050287,17.63,,0.446516,22.66,398.85,,DNMT3A,R736C,ch,DNMT3A_R736C
7626,1,HLA-DPA10301-DPB12001,GRLFFEFYCLLHDAR,3,FFEFYCLLH,0.4,0,seq_7,0.003375,70.49,,0.452832,8.71,372.5,,DNMT3A,R736C,ch,DNMT3A_R736C
6791,1,HLA-DPA10301-DPB12101,EFYCLLHDARPKEGD,5,RADHLLCYF,0.79,1,seq_12,0.007332,59.56,,0.238682,55.61,3779.29,,DNMT3A,R736C,ch,DNMT3A_R736C
7180,1,HLA-DPA10301-DPB12201,FEFYCLLHDARPKEG,4,RADHLLCYF,0.89,1,seq_11,0.062757,17.18,,0.474509,19.36,294.62,,DNMT3A,R736C,ch,DNMT3A_R736C
4342,1,HLA-DPA10301-DPB12301,RLFFEFYCLLHDARP,3,FEFYCLLHD,0.62,0,seq_8,0.010265,39.88,,0.618048,4.23,62.34,,DNMT3A,R736C,ch,DNMT3A_R736C
6952,1,HLA-DPA10301-DPB12601,RLFFEFYCLLHDARP,3,FEFYCLLHD,0.56,0,seq_8,0.002959,53.29,,0.430805,9.89,472.75,,DNMT3A,R736C,ch,DNMT3A_R736C
6819,1,HLA-DPA10301-DPB12801,FFEFYCLLHDARPKE,3,FYCLLHDAR,0.62,0,seq_10,0.004541,67.47,,0.47974,16.53,278.41,,DNMT3A,R736C,ch,DNMT3A_R736C
724,1,HLA-DPA10301-DPB13001,GTGRLFFEFYCLLHD,3,RLFFEFYCL,0.82,0,seq_5,0.018549,44.17,,0.409263,9.1,596.84,,DNMT3A,R736C,ch,DNMT3A_R736C
232,1,HLA-DPA10301-DPB13101,RLFFEFYCLLHDARP,3,FEFYCLLHD,0.6,0,seq_8,0.014673,41.98,,0.657206,2.11,40.81,,DNMT3A,R736C,ch,DNMT3A_R736C
3772,1,HLA-DPA10301-DPB13301,RLFFEFYCLLHDARP,3,FEFYCLLHD,0.89,0,seq_8,0.059697,16.99,,0.714827,3.51,21.88,,DNMT3A,R736C,ch,DNMT3A_R736C
7647,1,HLA-DPA10301-DPB13401,FYCLLHDARPKEGDD,3,LLHDARPKE,0.67,0,seq_13,0.005099,56.85,,0.327292,53.98,1448.89,,DNMT3A,R736C,ch,DNMT3A_R736C
4144,1,HLA-DPA10301-DPB13501,GTGRLFFEFYCLLHD,3,RLFFEFYCL,0.69,0,seq_5,0.002193,69.51,,0.266539,23.47,2795.83,,DNMT3A,R736C,ch,DNMT3A_R736C
7482,1,HLA-DPA10301-DPB14001,FYCLLHDARPKEGDD,3,LLHDARPKE,0.68,0,seq_13,0.005274,49.07,,0.282643,54.64,2348.76,,DNMT3A,R736C,ch,DNMT3A_R736C
6694,1,HLA-DPA10301-DPB14501,GTGRLFFEFYCLLHD,3,RLFFEFYCL,0.62,0,seq_5,0.002539,66.66,,0.284415,24.41,2304.16,,DNMT3A,R736C,ch,DNMT3A_R736C
3547,1,HLA-DPA10301-DPB14801,RLFFEFYCLLHDARP,3,FEFYCLLHD,0.81,0,seq_8,0.036734,26.8,,0.637213,5.4,50.67,,DNMT3A,R736C,ch,DNMT3A_R736C
7792,1,HLA-DPA10301-DPB18101,RLFFEFYCLLHDARP,3,FEFYCLLHD,0.81,0,seq_8,0.036734,26.8,,0.637213,5.4,50.67,,DNMT3A,R736C,ch,DNMT3A_R736C
3262,1,HLA-DPA10301-DPB18501,RLFFEFYCLLHDARP,3,FEFYCLLHD,0.59,0,seq_8,0.006043,50.71,,0.50216,4.28,218.44,,DNMT3A,R736C,ch,DNMT3A_R736C
697,1,HLA-DPA10401-DPB10101,RLFFEFYCLLHDARP,3,FEFYCLLHD,0.72,0,seq_8,0.008447,49.09,,0.512778,10.35,194.73,,DNMT3A,R736C,ch,DNMT3A_R736C
3847,1,HLA-DPA10401-DPB10201,RLFFEFYCLLHDARP,3,FEFYCLLHD,0.81,0,seq_8,0.012481,24.18,,0.485977,10.22,260.24,,DNMT3A,R736C,ch,DNMT3A_R736C
757,1,HLA-DPA10401-DPB10202,RLFFEFYCLLHDARP,3,FEFYCLLHD,0.77,0,seq_8,0.015848,29.75,,0.494578,11.78,237.12,,DNMT3A,R736C,ch,DNMT3A_R736C
518,1,HLA-DPA10401-DPB10301,LFFEFYCLLHDARPK,3,EFYCLLHDA,0.39,0,seq_9,0.001207,59.51,,0.257025,42.76,3098.97,,DNMT3A,R736C,ch,DNMT3A_R736C
7520,1,HLA-DPA10401-DPB10401,TGRLFFEFYCLLHDA,3,LFFEFYCLL,0.92,0,seq_6,0.030294,9.65,,0.518526,5.86,182.99,,DNMT3A,R736C,ch,DNMT3A_R736C
7280,1,HLA-DPA10401-DPB10402,TGRLFFEFYCLLHDA,3,LFFEFYCLL,0.91,0,seq_6,0.014355,20.68,,0.401548,9.17,648.8,,DNMT3A,R736C,ch,DNMT3A_R736C
6634,1,HLA-DPA10401-DPB10501,GTGRLFFEFYCLLHD,3,RLFFEFYCL,0.67,0,seq_5,0.021276,26.96,,0.462093,7.15,336.98,,DNMT3A,R736C,ch,DNMT3A_R736C
4084,1,HLA-DPA10401-DPB10601,GTGRLFFEFYCLLHD,3,RLFFEFYCL,0.72,0,seq_5,0.004876,46.2,,0.454181,9.42,367.1,,DNMT3A,R736C,ch,DNMT3A_R736C
7504,1,HLA-DPA10401-DPB10901,GTGRLFFEFYCLLHD,3,RLFFEFYCL,0.89,0,seq_5,0.006427,36.97,,0.318655,16.2,1590.81,,DNMT3A,R736C,ch,DNMT3A_R736C
4414,1,HLA-DPA10401-DPB11001,GTGRLFFEFYCLLHD,3,RLFFEFYCL,0.89,0,seq_5,0.006427,36.97,,0.318655,16.2,1590.81,,DNMT3A,R736C,ch,DNMT3A_R736C
952,1,HLA-DPA10401-DPB11101,RLFFEFYCLLHDARP,3,FEFYCLLHD,0.71,0,seq_8,0.004912,39.09,,0.517231,7.78,185.57,,DNMT3A,R736C,ch,DNMT3A_R736C
1327,1,HLA-DPA10401-DPB11301,RLFFEFYCLLHDARP,3,FEFYCLLHD,0.74,0,seq_8,0.003759,44.26,,0.447092,13.38,396.37,,DNMT3A,R736C,ch,DNMT3A_R736C
998,1,HLA-DPA10401-DPB11401,LFFEFYCLLHDARPK,3,EFYCLLHDA,0.39,0,seq_9,0.001715,55.25,,0.170055,52.77,7941.21,,DNMT3A,R736C,ch,DNMT3A_R736C
3337,1,HLA-DPA10401-DPB11501,RLFFEFYCLLHDARP,3,FEFYCLLHD,0.88,0,seq_8,0.013206,36.77,,0.609733,8.03,68.21,,DNMT3A,R736C,ch,DNMT3A_R736C
4054,1,HLA-DPA10401-DPB11601,GTGRLFFEFYCLLHD,3,RLFFEFYCL,0.85,0,seq_5,0.039219,17.8,,0.567539,3.05,107.68,,DNMT3A,R736C,ch,DNMT3A_R736C
3439,1,HLA-DPA10401-DPB11701,GTGRLFFEFYCLLHD,3,RLFFEFYCL,0.86,0,seq_5,0.014854,31.72,,0.366137,10.27,951.71,,DNMT3A,R736C,ch,DNMT3A_R736C
3637,1,HLA-DPA10401-DPB11801,RLFFEFYCLLHDARP,3,FEFYCLLHD,0.62,0,seq_8,0.012009,55.41,,0.425503,18.09,500.66,,DNMT3A,R736C,ch,DNMT3A_R736C
550,1,HLA-DPA10401-DPB11901,FEFYCLLHDARPKEG,4,RADHLLCYF,0.85,1,seq_11,0.024974,20.87,,0.382264,27.54,799.32,,DNMT3A,R736C,ch,DNMT3A_R736C
7613,1,HLA-DPA10401-DPB12001,LFFEFYCLLHDARPK,3,EFYCLLHDA,0.46,0,seq_9,0.002118,63.74,,0.286094,35.82,2262.68,,DNMT3A,R736C,ch,DNMT3A_R736C
4354,1,HLA-DPA10401-DPB12101,GTGRLFFEFYCLLHD,3,RLFFEFYCL,0.75,0,seq_5,0.007937,42.7,,0.41761,11.0,545.3,,DNMT3A,R736C,ch,DNMT3A_R736C
1030,1,HLA-DPA10401-DPB12201,FEFYCLLHDARPKEG,4,RADHLLCYF,0.9,1,seq_11,0.046618,14.97,,0.409913,21.48,592.65,,DNMT3A,R736C,ch,DNMT3A_R736C
1310,1,HLA-DPA10401-DPB12301,TGRLFFEFYCLLHDA,3,LFFEFYCLL,0.92,0,seq_6,0.030294,9.65,,0.518526,5.86,182.99,,DNMT3A,R736C,ch,DNMT3A_R736C
4432,1,HLA-DPA10401-DPB12601,RLFFEFYCLLHDARP,3,FEFYCLLHD,0.56,0,seq_8,0.001133,57.95,,0.363704,21.39,977.09,,DNMT3A,R736C,ch,DNMT3A_R736C
3695,1,HLA-DPA10401-DPB12801,TGRLFFEFYCLLHDA,3,LFFEFYCLL,0.84,0,seq_6,0.011805,32.36,,0.413169,15.61,572.14,,DNMT3A,R736C,ch,DNMT3A_R736C
6769,1,HLA-DPA10401-DPB13001,GTGRLFFEFYCLLHD,3,RLFFEFYCL,0.86,0,seq_5,0.015788,32.69,,0.355666,12.18,1065.87,,DNMT3A,R736C,ch,DNMT3A_R736C
3709,1,HLA-DPA10401-DPB13101,GTGRLFFEFYCLLHD,3,RLFFEFYCL,0.46,0,seq_5,0.009106,38.84,,0.565383,5.05,110.22,,DNMT3A,R736C,ch,DNMT3A_R736C
7400,1,HLA-DPA10401-DPB13301,TGRLFFEFYCLLHDA,3,LFFEFYCLL,0.63,0,seq_6,0.022614,16.02,,0.643082,4.6,47.55,,DNMT3A,R736C,ch,DNMT3A_R736C
3275,1,HLA-DPA10401-DPB13401,TGRLFFEFYCLLHDA,3,LFFEFYCLL,0.81,0,seq_6,0.006309,34.94,,0.514621,10.16,190.89,,DNMT3A,R736C,ch,DNMT3A_R736C
3683,1,HLA-DPA10401-DPB13501,LFFEFYCLLHDARPK,3,EFYCLLHDA,0.43,0,seq_9,0.001366,59.69,,0.140889,57.72,10887.72,,DNMT3A,R736C,ch,DNMT3A_R736C
3950,1,HLA-DPA10401-DPB14001,TGRLFFEFYCLLHDA,3,LFFEFYCLL,0.86,0,seq_6,0.004536,33.04,,0.488215,8.84,254.02,,DNMT3A,R736C,ch,DNMT3A_R736C
563,1,HLA-DPA10401-DPB14501,LFFEFYCLLHDARPK,3,EFYCLLHDA,0.39,0,seq_9,0.001715,55.25,,0.170055,52.77,7941.21,,DNMT3A,R736C,ch,DNMT3A_R736C
817,1,HLA-DPA10401-DPB14801,RLFFEFYCLLHDARP,3,FEFYCLLHD,0.81,0,seq_8,0.012481,24.18,,0.485977,10.22,260.24,,DNMT3A,R736C,ch,DNMT3A_R736C
502,1,HLA-DPA10401-DPB18101,RLFFEFYCLLHDARP,3,FEFYCLLHD,0.81,0,seq_8,0.012481,24.18,,0.485977,10.22,260.24,,DNMT3A,R736C,ch,DNMT3A_R736C
6907,1,HLA-DPA10401-DPB18501,RLFFEFYCLLHDARP,3,FEFYCLLHD,0.63,0,seq_8,0.00218,57.02,,0.434671,10.41,453.38,,DNMT3A,R736C,ch,DNMT3A_R736C
5873,1,HLA-DQA10101-DQB10201,LFFEFYCLLHDARPK,3,EFYCLLHDA,0.42,0,seq_9,0.000631,43.23,,0.247443,5.38,3437.5,,DNMT3A,R736C,ch,DNMT3A_R736C
6203,1,HLA-DQA10101-DQB10202,LFFEFYCLLHDARPK,3,EFYCLLHDA,0.42,0,seq_9,0.000631,43.23,,0.247443,5.38,3437.5,,DNMT3A,R736C,ch,DNMT3A_R736C
1513,1,HLA-DQA10101-DQB10301,YCLLHDARPKEGDDR,3,LHDARPKEG,0.91,0,seq_14,0.001355,33.02,,0.16623,79.32,8276.76,,DNMT3A,R736C,ch,DNMT3A_R736C
5603,1,HLA-DQA10101-DQB10302,LFFEFYCLLHDARPK,3,EFYCLLHDA,0.54,0,seq_9,0.001612,33.36,,0.258123,10.05,3062.37,,DNMT3A,R736C,ch,DNMT3A_R736C
2813,1,HLA-DQA10101-DQB10303,LFFEFYCLLHDARPK,3,EFYCLLHDA,0.71,0,seq_9,0.007452,13.7,,0.236852,23.22,3854.87,,DNMT3A,R736C,ch,DNMT3A_R736C
4903,1,HLA-DQA10101-DQB10304,YCLLHDARPKEGDDR,3,LHDARPKEG,0.73,0,seq_14,0.00045,63.92,,0.135106,88.94,11590.74,,DNMT3A,R736C,ch,DNMT3A_R736C
6313,1,HLA-DQA10101-DQB10401,YCLLHDARPKEGDDR,3,LHDARPKEG,0.89,0,seq_14,0.036297,15.65,,0.202475,63.18,5591.73,,DNMT3A,R736C,ch,DNMT3A_R736C
1738,1,HLA-DQA10101-DQB10402,YCLLHDARPKEGDDR,3,LHDARPKEG,0.89,0,seq_14,0.036297,15.65,,0.202475,63.18,5591.73,,DNMT3A,R736C,ch,DNMT3A_R736C
5167,1,HLA-DQA10101-DQB10501,RLFFEFYCLLHDARP,3,FEFYCLLHD,0.75,0,seq_8,0.004687,31.51,,0.487237,2.87,256.72,,DNMT3A,R736C,ch,DNMT3A_R736C
2662,1,HLA-DQA10101-DQB10502,RLFFEFYCLLHDARP,3,FEFYCLLHD,0.87,0,seq_8,0.036473,17.59,,0.428015,0.44,487.24,,DNMT3A,R736C,ch,DNMT3A_R736C
5587,1,HLA-DQA10101-DQB10503,RLFFEFYCLLHDARP,3,FEFYCLLHD,0.7,0,seq_8,0.018189,36.34,,0.454878,1.91,364.34,,DNMT3A,R736C,ch,DNMT3A_R736C
5977,1,HLA-DQA10101-DQB10504,RLFFEFYCLLHDARP,3,FEFYCLLHD,0.81,0,seq_8,0.102066,14.13,,0.448359,0.54,390.97,,DNMT3A,R736C,ch,DNMT3A_R736C
6353,1,HLA-DQA10101-DQB10601,LFFEFYCLLHDARPK,3,EFYCLLHDA,0.83,0,seq_9,0.018538,11.95,,0.24551,40.72,3510.15,,DNMT3A,R736C,ch,DNMT3A_R736C
5893,1,HLA-DQA10101-DQB10602,YCLLHDARPKEGDDR,3,LHDARPKEG,1.0,0,seq_14,0.038681,6.93,,0.131287,66.63,12079.71,,DNMT3A,R736C,ch,DNMT3A_R736C
1858,1,HLA-DQA10101-DQB10603,YCLLHDARPKEGDDR,3,LHDARPKEG,0.99,0,seq_14,0.013835,15.93,,0.072782,76.11,22749.38,,DNMT3A,R736C,ch,DNMT3A_R736C
1420,1,HLA-DQA10101-DQB10604,FEFYCLLHDARPKEG,3,YCLLHDARP,0.75,0,seq_11,0.016911,36.6,,0.219478,27.08,4652.1,,DNMT3A,R736C,ch,DNMT3A_R736C
2798,1,HLA-DQA10101-DQB10605,LFFEFYCLLHDARPK,3,EFYCLLHDA,0.63,0,seq_9,0.01902,37.15,,0.28251,26.39,2352.14,,DNMT3A,R736C,ch,DNMT3A_R736C
4598,1,HLA-DQA10101-DQB10609,LFFEFYCLLHDARPK,3,EFYCLLHDA,0.63,0,seq_9,0.01902,37.15,,0.28251,26.39,2352.14,,DNMT3A,R736C,ch,DNMT3A_R736C
2318,1,HLA-DQA10102-DQB10201,LFFEFYCLLHDARPK,3,EFYCLLHDA,0.46,0,seq_9,0.001923,23.91,,0.287444,16.52,2229.87,,DNMT3A,R736C,ch,DNMT3A_R736C
4688,1,HLA-DQA10102-DQB10202,LFFEFYCLLHDARPK,3,EFYCLLHDA,0.46,0,seq_9,0.001923,23.91,,0.287444,16.52,2229.87,,DNMT3A,R736C,ch,DNMT3A_R736C
5833,1,HLA-DQA10102-DQB10301,YCLLHDARPKEGDDR,3,LHDARPKEG,0.94,0,seq_14,0.006268,20.09,,0.294857,60.49,2058.0,,DNMT3A,R736C,ch,DNMT3A_R736C
4537,1,HLA-DQA10102-DQB10302,RLFFEFYCLLHDARP,3,FEFYCLLHD,0.25,0,seq_8,0.001227,50.17,,0.315318,27.3,1649.3,,DNMT3A,R736C,ch,DNMT3A_R736C
1433,1,HLA-DQA10102-DQB10303,LFFEFYCLLHDARPK,3,EFYCLLHDA,0.82,0,seq_9,0.012101,21.66,,0.292094,46.72,2120.46,,DNMT3A,R736C,ch,DNMT3A_R736C
6043,1,HLA-DQA10102-DQB10304,YCLLHDARPKEGDDR,3,LHDARPKEG,0.8,0,seq_14,0.001812,38.69,,0.224033,84.0,4428.39,,DNMT3A,R736C,ch,DNMT3A_R736C
1558,1,HLA-DQA10102-DQB10401,YCLLHDARPKEGDDR,3,LHDARPKEG,0.93,0,seq_14,0.066715,9.81,,0.325664,55.01,1474.63,,DNMT3A,R736C,ch,DNMT3A_R736C
4633,1,HLA-DQA10102-DQB10402,YCLLHDARPKEGDDR,3,LHDARPKEG,0.93,0,seq_14,0.066715,9.81,,0.325664,55.01,1474.63,,DNMT3A,R736C,ch,DNMT3A_R736C
1975,1,HLA-DQA10102-DQB10501,FEFYCLLHDARPKEG,3,YCLLHDARP,0.49,0,seq_11,0.00453,38.89,,0.441104,40.62,422.9,,DNMT3A,R736C,ch,DNMT3A_R736C
1792,1,HLA-DQA10102-DQB10502,RLFFEFYCLLHDARP,3,FEFYCLLHD,0.88,0,seq_8,0.033315,19.68,,0.491756,1.85,244.47,,DNMT3A,R736C,ch,DNMT3A_R736C
2308,1,HLA-DQA10102-DQB10503,YCLLHDARPKEGDDR,3,LHDARPKEG,1.0,0,seq_14,0.026291,40.43,,0.283717,62.53,2321.63,,DNMT3A,R736C,ch,DNMT3A_R736C
5152,1,HLA-DQA10102-DQB10504,RLFFEFYCLLHDARP,3,FEFYCLLHD,0.73,0,seq_8,0.12425,15.14,,0.519504,1.9,181.07,,DNMT3A,R736C,ch,DNMT3A_R736C
4648,1,HLA-DQA10102-DQB10601,YCLLHDARPKEGDDR,3,LHDARPKEG,0.99,0,seq_14,0.038862,14.25,,0.299458,55.07,1958.06,,DNMT3A,R736C,ch,DNMT3A_R736C
2473,1,HLA-DQA10102-DQB10602,YCLLHDARPKEGDDR,3,LHDARPKEG,1.0,0,seq_14,0.231644,5.68,,0.267925,52.01,2754.22,,DNMT3A,R736C,ch,DNMT3A_R736C
2698,1,HLA-DQA10102-DQB10603,YCLLHDARPKEGDDR,3,LHDARPKEG,1.0,0,seq_14,0.073471,13.29,,0.175837,63.84,7459.63,,DNMT3A,R736C,ch,DNMT3A_R736C
6055,1,HLA-DQA10102-DQB10604,FEFYCLLHDARPKEG,3,YCLLHDARP,0.66,0,seq_11,0.010312,54.95,,0.265494,47.15,2827.62,,DNMT3A,R736C,ch,DNMT3A_R736C
6223,1,HLA-DQA10102-DQB10605,YCLLHDARPKEGDDR,3,LHDARPKEG,0.95,0,seq_14,0.027475,42.25,,0.171086,87.37,7853.12,,DNMT3A,R736C,ch,DNMT3A_R736C
1408,1,HLA-DQA10102-DQB10609,YCLLHDARPKEGDDR,3,LHDARPKEG,0.95,0,seq_14,0.027475,42.25,,0.171086,87.37,7853.12,,DNMT3A,R736C,ch,DNMT3A_R736C
4588,1,HLA-DQA10103-DQB10201,YCLLHDARPKEGDDR,3,LHDARPKEG,0.78,0,seq_14,0.000802,47.26,,0.093565,84.41,18168.16,,DNMT3A,R736C,ch,DNMT3A_R736C
5008,1,HLA-DQA10103-DQB10202,YCLLHDARPKEGDDR,3,LHDARPKEG,0.78,0,seq_14,0.000802,47.26,,0.093565,84.41,18168.16,,DNMT3A,R736C,ch,DNMT3A_R736C
6268,1,HLA-DQA10103-DQB10301,YCLLHDARPKEGDDR,3,LHDARPKEG,0.97,0,seq_14,0.018521,9.5,,0.269821,65.13,2698.29,,DNMT3A,R736C,ch,DNMT3A_R736C
2398,1,HLA-DQA10103-DQB10302,YCLLHDARPKEGDDR,3,LHDARPKEG,0.86,0,seq_14,0.002365,40.88,,0.134274,88.89,11695.54,,DNMT3A,R736C,ch,DNMT3A_R736C
2758,1,HLA-DQA10103-DQB10303,YCLLHDARPKEGDDR,3,LHDARPKEG,0.99,0,seq_14,0.020214,17.55,,0.187628,75.55,6566.16,,DNMT3A,R736C,ch,DNMT3A_R736C
2953,1,HLA-DQA10103-DQB10304,YCLLHDARPKEGDDR,3,LHDARPKEG,0.84,0,seq_14,0.003985,29.73,,0.210748,85.21,5112.95,,DNMT3A,R736C,ch,DNMT3A_R736C
2743,1,HLA-DQA10103-DQB10401,YCLLHDARPKEGDDR,3,LHDARPKEG,0.95,0,seq_14,0.051226,12.95,,0.248104,56.43,3413.0,,DNMT3A,R736C,ch,DNMT3A_R736C
6493,1,HLA-DQA10103-DQB10402,YCLLHDARPKEGDDR,3,LHDARPKEG,0.95,0,seq_14,0.051226,12.95,,0.248104,56.43,3413.0,,DNMT3A,R736C,ch,DNMT3A_R736C
4705,1,HLA-DQA10103-DQB10501,FEFYCLLHDARPKEG,3,YCLLHDARP,0.46,0,seq_11,0.001882,36.77,,0.280984,49.82,2391.3,,DNMT3A,R736C,ch,DNMT3A_R736C
5272,1,HLA-DQA10103-DQB10502,RLFFEFYCLLHDARP,3,FEFYCLLHD,0.77,0,seq_8,0.009511,27.84,,0.305824,6.54,1827.73,,DNMT3A,R736C,ch,DNMT3A_R736C
1678,1,HLA-DQA10103-DQB10503,YCLLHDARPKEGDDR,3,LHDARPKEG,0.94,0,seq_14,0.008698,43.13,,0.16664,66.76,8240.12,,DNMT3A,R736C,ch,DNMT3A_R736C
1987,1,HLA-DQA10103-DQB10504,RLFFEFYCLLHDARP,3,FEFYCLLHD,0.81,0,seq_8,0.057223,24.13,,0.3772,5.26,844.34,,DNMT3A,R736C,ch,DNMT3A_R736C
2878,1,HLA-DQA10103-DQB10601,YCLLHDARPKEGDDR,3,LHDARPKEG,0.99,0,seq_14,0.027496,19.65,,0.225478,65.0,4359.69,,DNMT3A,R736C,ch,DNMT3A_R736C
1753,1,HLA-DQA10103-DQB10602,YCLLHDARPKEGDDR,3,LHDARPKEG,1.0,0,seq_14,0.12864,9.47,,0.178473,59.98,7249.88,,DNMT3A,R736C,ch,DNMT3A_R736C
5938,1,HLA-DQA10103-DQB10603,YCLLHDARPKEGDDR,3,LHDARPKEG,1.0,0,seq_14,0.051579,18.98,,0.116117,68.53,14234.42,,DNMT3A,R736C,ch,DNMT3A_R736C
2533,1,HLA-DQA10103-DQB10604,YCLLHDARPKEGDDR,3,LHDARPKEG,0.92,0,seq_14,0.011242,56.81,,0.094997,87.14,17888.83,,DNMT3A,R736C,ch,DNMT3A_R736C
5038,1,HLA-DQA10103-DQB10605,YCLLHDARPKEGDDR,3,LHDARPKEG,0.98,0,seq_14,0.01589,53.56,,0.132867,86.5,11874.96,,DNMT3A,R736C,ch,DNMT3A_R736C
6148,1,HLA-DQA10103-DQB10609,YCLLHDARPKEGDDR,3,LHDARPKEG,0.98,0,seq_14,0.01589,53.56,,0.132867,86.5,11874.96,,DNMT3A,R736C,ch,DNMT3A_R736C
6293,1,HLA-DQA10104-DQB10201,LFFEFYCLLHDARPK,3,EFYCLLHDA,0.42,0,seq_9,0.000631,43.23,,0.247443,5.38,3437.5,,DNMT3A,R736C,ch,DNMT3A_R736C
5783,1,HLA-DQA10104-DQB10202,LFFEFYCLLHDARPK,3,EFYCLLHDA,0.42,0,seq_9,0.000631,43.23,,0.247443,5.38,3437.5,,DNMT3A,R736C,ch,DNMT3A_R736C
6238,1,HLA-DQA10104-DQB10301,YCLLHDARPKEGDDR,3,LHDARPKEG,0.91,0,seq_14,0.001355,33.02,,0.16623,79.32,8276.76,,DNMT3A,R736C,ch,DNMT3A_R736C
6188,1,HLA-DQA10104-DQB10302,LFFEFYCLLHDARPK,3,EFYCLLHDA,0.54,0,seq_9,0.001612,33.36,,0.258123,10.05,3062.37,,DNMT3A,R736C,ch,DNMT3A_R736C
4823,1,HLA-DQA10104-DQB10303,LFFEFYCLLHDARPK,3,EFYCLLHDA,0.71,0,seq_9,0.007452,13.7,,0.236852,23.22,3854.87,,DNMT3A,R736C,ch,DNMT3A_R736C
4813,1,HLA-DQA10104-DQB10304,YCLLHDARPKEGDDR,3,LHDARPKEG,0.73,0,seq_14,0.00045,63.92,,0.135106,88.94,11590.74,,DNMT3A,R736C,ch,DNMT3A_R736C
2428,1,HLA-DQA10104-DQB10401,YCLLHDARPKEGDDR,3,LHDARPKEG,0.89,0,seq_14,0.036297,15.65,,0.202475,63.18,5591.73,,DNMT3A,R736C,ch,DNMT3A_R736C
4528,1,HLA-DQA10104-DQB10402,YCLLHDARPKEGDDR,3,LHDARPKEG,0.89,0,seq_14,0.036297,15.65,,0.202475,63.18,5591.73,,DNMT3A,R736C,ch,DNMT3A_R736C
4732,1,HLA-DQA10104-DQB10501,RLFFEFYCLLHDARP,3,FEFYCLLHD,0.75,0,seq_8,0.004687,31.51,,0.487237,2.87,256.72,,DNMT3A,R736C,ch,DNMT3A_R736C
5647,1,HLA-DQA10104-DQB10502,RLFFEFYCLLHDARP,3,FEFYCLLHD,0.87,0,seq_8,0.036473,17.59,,0.428015,0.44,487.24,,DNMT3A,R736C,ch,DNMT3A_R736C
2137,1,HLA-DQA10104-DQB10503,RLFFEFYCLLHDARP,3,FEFYCLLHD,0.7,0,seq_8,0.018189,36.34,,0.454878,1.91,364.34,,DNMT3A,R736C,ch,DNMT3A_R736C
4747,1,HLA-DQA10104-DQB10504,RLFFEFYCLLHDARP,3,FEFYCLLHD,0.81,0,seq_8,0.102066,14.13,,0.448359,0.54,390.97,,DNMT3A,R736C,ch,DNMT3A_R736C
1868,1,HLA-DQA10104-DQB10601,LFFEFYCLLHDARPK,3,EFYCLLHDA,0.83,0,seq_9,0.018538,11.95,,0.24551,40.72,3510.15,,DNMT3A,R736C,ch,DNMT3A_R736C
6133,1,HLA-DQA10104-DQB10602,YCLLHDARPKEGDDR,3,LHDARPKEG,1.0,0,seq_14,0.038681,6.93,,0.131287,66.63,12079.71,,DNMT3A,R736C,ch,DNMT3A_R736C
2983,1,HLA-DQA10104-DQB10603,YCLLHDARPKEGDDR,3,LHDARPKEG,0.99,0,seq_14,0.013835,15.93,,0.072782,76.11,22749.38,,DNMT3A,R736C,ch,DNMT3A_R736C
1945,1,HLA-DQA10104-DQB10604,FEFYCLLHDARPKEG,3,YCLLHDARP,0.75,0,seq_11,0.016911,36.6,,0.219478,27.08,4652.1,,DNMT3A,R736C,ch,DNMT3A_R736C
1763,1,HLA-DQA10104-DQB10605,LFFEFYCLLHDARPK,3,EFYCLLHDA,0.63,0,seq_9,0.01902,37.15,,0.28251,26.39,2352.14,,DNMT3A,R736C,ch,DNMT3A_R736C
5093,1,HLA-DQA10104-DQB10609,LFFEFYCLLHDARPK,3,EFYCLLHDA,0.63,0,seq_9,0.01902,37.15,,0.28251,26.39,2352.14,,DNMT3A,R736C,ch,DNMT3A_R736C
5379,1,HLA-DQA10201-DQB10201,FFEFYCLLHDARPKE,3,FYCLLHDAR,0.59,0,seq_10,0.008118,55.86,,0.190521,41.77,6363.81,,DNMT3A,R736C,ch,DNMT3A_R736C
5904,1,HLA-DQA10201-DQB10202,FFEFYCLLHDARPKE,3,FYCLLHDAR,0.59,0,seq_10,0.008118,55.86,,0.190521,41.77,6363.81,,DNMT3A,R736C,ch,DNMT3A_R736C
5533,1,HLA-DQA10201-DQB10301,YCLLHDARPKEGDDR,3,LHDARPKEG,1.0,0,seq_14,0.111357,13.24,,0.34159,44.11,1241.22,,DNMT3A,R736C,ch,DNMT3A_R736C
2548,1,HLA-DQA10201-DQB10302,YCLLHDARPKEGDDR,3,LHDARPKEG,0.96,0,seq_14,0.010344,42.11,,0.138765,85.91,11140.83,,DNMT3A,R736C,ch,DNMT3A_R736C
4963,1,HLA-DQA10201-DQB10303,YCLLHDARPKEGDDR,3,LHDARPKEG,1.0,0,seq_14,0.129134,17.52,,0.212582,66.06,5012.49,,DNMT3A,R736C,ch,DNMT3A_R736C
5458,1,HLA-DQA10201-DQB10304,YCLLHDARPKEGDDR,3,LHDARPKEG,0.97,0,seq_14,0.019758,33.53,,0.258424,66.5,3052.41,,DNMT3A,R736C,ch,DNMT3A_R736C
4558,1,HLA-DQA10201-DQB10401,YCLLHDARPKEGDDR,3,LHDARPKEG,0.98,0,seq_14,0.139755,14.31,,0.251318,45.17,3296.36,,DNMT3A,R736C,ch,DNMT3A_R736C
6073,1,HLA-DQA10201-DQB10402,YCLLHDARPKEGDDR,3,LHDARPKEG,0.98,0,seq_14,0.139755,14.31,,0.251318,45.17,3296.36,,DNMT3A,R736C,ch,DNMT3A_R736C
1933,1,HLA-DQA10201-DQB10501,YCLLHDARPKEGDDR,3,LHDARPKEG,0.7,0,seq_14,7.3e-05,73.57,,0.069473,75.31,23578.62,,DNMT3A,R736C,ch,DNMT3A_R736C
5233,1,HLA-DQA10201-DQB10502,YCLLHDARPKEGDDR,3,LHDARPKEG,0.71,0,seq_14,0.000348,53.68,,0.060452,63.41,25996.08,,DNMT3A,R736C,ch,DNMT3A_R736C
6283,1,HLA-DQA10201-DQB10503,YCLLHDARPKEGDDR,3,LHDARPKEG,0.9,0,seq_14,0.001137,35.95,,0.069032,62.62,23691.4,,DNMT3A,R736C,ch,DNMT3A_R736C
2068,1,HLA-DQA10201-DQB10504,YCLLHDARPKEGDDR,3,LHDARPKEG,0.92,0,seq_14,0.040853,15.65,,0.131939,47.82,11994.79,,DNMT3A,R736C,ch,DNMT3A_R736C
5218,1,HLA-DQA10201-DQB10601,YCLLHDARPKEGDDR,3,LHDARPKEG,0.99,0,seq_14,0.021518,12.94,,0.16856,54.79,8070.71,,DNMT3A,R736C,ch,DNMT3A_R736C
2938,1,HLA-DQA10201-DQB10602,YCLLHDARPKEGDDR,3,LHDARPKEG,0.98,0,seq_14,0.002042,30.95,,0.082579,69.41,20461.32,,DNMT3A,R736C,ch,DNMT3A_R736C
1480,1,HLA-DQA10201-DQB10603,FEFYCLLHDARPKEG,2,FYCLLHDAR,0.23,0,seq_11,0.004292,16.0,,0.079699,53.44,21108.96,,DNMT3A,R736C,ch,DNMT3A_R736C
5428,1,HLA-DQA10201-DQB10604,YCLLHDARPKEGDDR,3,LHDARPKEG,0.9,0,seq_14,0.007192,45.48,,0.061418,82.26,25725.79,,DNMT3A,R736C,ch,DNMT3A_R736C
4678,1,HLA-DQA10201-DQB10605,YCLLHDARPKEGDDR,3,LHDARPKEG,0.94,0,seq_14,0.005241,57.11,,0.07008,85.81,23424.28,,DNMT3A,R736C,ch,DNMT3A_R736C
1528,1,HLA-DQA10201-DQB10609,YCLLHDARPKEGDDR,3,LHDARPKEG,0.94,0,seq_14,0.005241,57.11,,0.07008,85.81,23424.28,,DNMT3A,R736C,ch,DNMT3A_R736C
5143,1,HLA-DQA10301-DQB10201,YCLLHDARPKEGDDR,3,LHDARPKEG,0.87,0,seq_14,0.002306,42.91,,0.059671,87.23,26216.69,,DNMT3A,R736C,ch,DNMT3A_R736C
5713,1,HLA-DQA10301-DQB10202,YCLLHDARPKEGDDR,3,LHDARPKEG,0.87,0,seq_14,0.002306,42.91,,0.059671,87.23,26216.69,,DNMT3A,R736C,ch,DNMT3A_R736C
5473,1,HLA-DQA10301-DQB10301,YCLLHDARPKEGDDR,3,LHDARPKEG,1.0,0,seq_14,0.06574,11.83,,0.345697,30.43,1187.27,,DNMT3A,R736C,ch,DNMT3A_R736C
5940,1,HLA-DQA10301-DQB10302,GLYEGTGRLFFEFYC,3,EGTGRLFFE,0.96,0,seq_1,0.012823,33.17,,0.317233,15.74,1615.48,,DNMT3A,R736C,ch,DNMT3A_R736C
6463,1,HLA-DQA10301-DQB10303,YCLLHDARPKEGDDR,3,LHDARPKEG,1.0,0,seq_14,0.135606,17.65,,0.225097,58.96,4377.7,,DNMT3A,R736C,ch,DNMT3A_R736C
5623,1,HLA-DQA10301-DQB10304,YCLLHDARPKEGDDR,3,LHDARPKEG,0.86,0,seq_14,0.007955,28.54,,0.213122,62.89,4983.29,,DNMT3A,R736C,ch,DNMT3A_R736C
6433,1,HLA-DQA10301-DQB10401,YCLLHDARPKEGDDR,3,LHDARPKEG,0.94,0,seq_14,0.020114,13.28,,0.211585,26.75,5066.86,,DNMT3A,R736C,ch,DNMT3A_R736C
5518,1,HLA-DQA10301-DQB10402,YCLLHDARPKEGDDR,3,LHDARPKEG,0.94,0,seq_14,0.020114,13.28,,0.211585,26.75,5066.86,,DNMT3A,R736C,ch,DNMT3A_R736C
2019,1,HLA-DQA10301-DQB10501,FFEFYCLLHDARPKE,3,FYCLLHDAR,0.35,0,seq_10,4e-05,72.73,,0.160594,11.76,8797.18,,DNMT3A,R736C,ch,DNMT3A_R736C
2362,1,HLA-DQA10301-DQB10502,RLFFEFYCLLHDARP,3,FEFYCLLHD,0.63,0,seq_8,0.000263,45.08,,0.136505,1.96,11416.61,,DNMT3A,R736C,ch,DNMT3A_R736C
2908,1,HLA-DQA10301-DQB10503,YCLLHDARPKEGDDR,3,LHDARPKEG,0.86,0,seq_14,0.000351,49.76,,0.070272,52.83,23375.67,,DNMT3A,R736C,ch,DNMT3A_R736C
2848,1,HLA-DQA10301-DQB10504,YCLLHDARPKEGDDR,3,LHDARPKEG,0.78,0,seq_14,0.017982,8.4,,0.103641,39.55,16291.61,,DNMT3A,R736C,ch,DNMT3A_R736C
2263,1,HLA-DQA10301-DQB10601,YCLLHDARPKEGDDR,3,LHDARPKEG,0.97,0,seq_14,0.02157,6.47,,0.182648,41.87,6929.67,,DNMT3A,R736C,ch,DNMT3A_R736C
2998,1,HLA-DQA10301-DQB10602,YCLLHDARPKEGDDR,3,LHDARPKEG,0.99,0,seq_14,0.004165,16.64,,0.092905,61.41,18298.36,,DNMT3A,R736C,ch,DNMT3A_R736C
6103,1,HLA-DQA10301-DQB10603,YCLLHDARPKEGDDR,3,LHDARPKEG,0.97,0,seq_14,0.002402,19.88,,0.064093,62.41,24991.88,,DNMT3A,R736C,ch,DNMT3A_R736C
4573,1,HLA-DQA10301-DQB10604,YCLLHDARPKEGDDR,3,LHDARPKEG,0.83,0,seq_14,0.004735,43.11,,0.055316,86.63,27481.59,,DNMT3A,R736C,ch,DNMT3A_R736C
5668,1,HLA-DQA10301-DQB10605,YCLLHDARPKEGDDR,3,LHDARPKEG,0.9,0,seq_14,0.011113,34.45,,0.072555,87.92,22805.32,,DNMT3A,R736C,ch,DNMT3A_R736C
5128,1,HLA-DQA10301-DQB10609,YCLLHDARPKEGDDR,3,LHDARPKEG,0.9,0,seq_14,0.011113,34.45,,0.072555,87.92,22805.32,,DNMT3A,R736C,ch,DNMT3A_R736C
5293,1,HLA-DQA10302-DQB10201,YCLLHDARPKEGDDR,3,LHDARPKEG,0.87,0,seq_14,0.002306,42.91,,0.059671,87.23,26216.69,,DNMT3A,R736C,ch,DNMT3A_R736C
2608,1,HLA-DQA10302-DQB10202,YCLLHDARPKEGDDR,3,LHDARPKEG,0.87,0,seq_14,0.002306,42.91,,0.059671,87.23,26216.69,,DNMT3A,R736C,ch,DNMT3A_R736C
5863,1,HLA-DQA10302-DQB10301,YCLLHDARPKEGDDR,3,LHDARPKEG,1.0,0,seq_14,0.06574,11.83,,0.345697,30.43,1187.27,,DNMT3A,R736C,ch,DNMT3A_R736C
4710,1,HLA-DQA10302-DQB10302,GLYEGTGRLFFEFYC,3,EGTGRLFFE,0.96,0,seq_1,0.012823,33.17,,0.317233,15.74,1615.48,,DNMT3A,R736C,ch,DNMT3A_R736C
4768,1,HLA-DQA10302-DQB10303,YCLLHDARPKEGDDR,3,LHDARPKEG,1.0,0,seq_14,0.135606,17.65,,0.225097,58.96,4377.7,,DNMT3A,R736C,ch,DNMT3A_R736C
4873,1,HLA-DQA10302-DQB10304,YCLLHDARPKEGDDR,3,LHDARPKEG,0.86,0,seq_14,0.007955,28.54,,0.213122,62.89,4983.29,,DNMT3A,R736C,ch,DNMT3A_R736C
4933,1,HLA-DQA10302-DQB10401,YCLLHDARPKEGDDR,3,LHDARPKEG,0.94,0,seq_14,0.020114,13.28,,0.211585,26.75,5066.86,,DNMT3A,R736C,ch,DNMT3A_R736C
4948,1,HLA-DQA10302-DQB10402,YCLLHDARPKEGDDR,3,LHDARPKEG,0.94,0,seq_14,0.020114,13.28,,0.211585,26.75,5066.86,,DNMT3A,R736C,ch,DNMT3A_R736C
2334,1,HLA-DQA10302-DQB10501,FFEFYCLLHDARPKE,3,FYCLLHDAR,0.35,0,seq_10,4e-05,72.73,,0.160594,11.76,8797.18,,DNMT3A,R736C,ch,DNMT3A_R736C
6247,1,HLA-DQA10302-DQB10502,RLFFEFYCLLHDARP,3,FEFYCLLHD,0.63,0,seq_8,0.000263,45.08,,0.136505,1.96,11416.61,,DNMT3A,R736C,ch,DNMT3A_R736C
2518,1,HLA-DQA10302-DQB10503,YCLLHDARPKEGDDR,3,LHDARPKEG,0.86,0,seq_14,0.000351,49.76,,0.070272,52.83,23375.67,,DNMT3A,R736C,ch,DNMT3A_R736C
1888,1,HLA-DQA10302-DQB10504,YCLLHDARPKEGDDR,3,LHDARPKEG,0.78,0,seq_14,0.017982,8.4,,0.103641,39.55,16291.61,,DNMT3A,R736C,ch,DNMT3A_R736C
2113,1,HLA-DQA10302-DQB10601,YCLLHDARPKEGDDR,3,LHDARPKEG,0.97,0,seq_14,0.02157,6.47,,0.182648,41.87,6929.67,,DNMT3A,R736C,ch,DNMT3A_R736C
2203,1,HLA-DQA10302-DQB10602,YCLLHDARPKEGDDR,3,LHDARPKEG,0.99,0,seq_14,0.004165,16.64,,0.092905,61.41,18298.36,,DNMT3A,R736C,ch,DNMT3A_R736C
5443,1,HLA-DQA10302-DQB10603,YCLLHDARPKEGDDR,3,LHDARPKEG,0.97,0,seq_14,0.002402,19.88,,0.064093,62.41,24991.88,,DNMT3A,R736C,ch,DNMT3A_R736C
2788,1,HLA-DQA10302-DQB10604,YCLLHDARPKEGDDR,3,LHDARPKEG,0.83,0,seq_14,0.004735,43.11,,0.055316,86.63,27481.59,,DNMT3A,R736C,ch,DNMT3A_R736C
3103,1,HLA-DQA10302-DQB10605,YCLLHDARPKEGDDR,3,LHDARPKEG,0.9,0,seq_14,0.011113,34.45,,0.072555,87.92,22805.32,,DNMT3A,R736C,ch,DNMT3A_R736C
2728,1,HLA-DQA10302-DQB10609,YCLLHDARPKEGDDR,3,LHDARPKEG,0.9,0,seq_14,0.011113,34.45,,0.072555,87.92,22805.32,,DNMT3A,R736C,ch,DNMT3A_R736C
3013,1,HLA-DQA10303-DQB10201,YCLLHDARPKEGDDR,3,LHDARPKEG,0.87,0,seq_14,0.002306,42.91,,0.059671,87.23,26216.69,,DNMT3A,R736C,ch,DNMT3A_R736C
4618,1,HLA-DQA10303-DQB10202,YCLLHDARPKEGDDR,3,LHDARPKEG,0.87,0,seq_14,0.002306,42.91,,0.059671,87.23,26216.69,,DNMT3A,R736C,ch,DNMT3A_R736C
5323,1,HLA-DQA10303-DQB10301,YCLLHDARPKEGDDR,3,LHDARPKEG,1.0,0,seq_14,0.06574,11.83,,0.345697,30.43,1187.27,,DNMT3A,R736C,ch,DNMT3A_R736C
5175,1,HLA-DQA10303-DQB10302,GLYEGTGRLFFEFYC,3,EGTGRLFFE,0.96,0,seq_1,0.012823,33.17,,0.317233,15.74,1615.48,,DNMT3A,R736C,ch,DNMT3A_R736C
5683,1,HLA-DQA10303-DQB10303,YCLLHDARPKEGDDR,3,LHDARPKEG,1.0,0,seq_14,0.135606,17.65,,0.225097,58.96,4377.7,,DNMT3A,R736C,ch,DNMT3A_R736C
5803,1,HLA-DQA10303-DQB10304,YCLLHDARPKEGDDR,3,LHDARPKEG,0.86,0,seq_14,0.007955,28.54,,0.213122,62.89,4983.29,,DNMT3A,R736C,ch,DNMT3A_R736C
2773,1,HLA-DQA10303-DQB10401,YCLLHDARPKEGDDR,3,LHDARPKEG,0.94,0,seq_14,0.020114,13.28,,0.211585,26.75,5066.86,,DNMT3A,R736C,ch,DNMT3A_R736C
5023,1,HLA-DQA10303-DQB10402,YCLLHDARPKEGDDR,3,LHDARPKEG,0.94,0,seq_14,0.020114,13.28,,0.211585,26.75,5066.86,,DNMT3A,R736C,ch,DNMT3A_R736C
1464,1,HLA-DQA10303-DQB10501,FFEFYCLLHDARPKE,3,FYCLLHDAR,0.35,0,seq_10,4e-05,72.73,,0.160594,11.76,8797.18,,DNMT3A,R736C,ch,DNMT3A_R736C
5362,1,HLA-DQA10303-DQB10502,RLFFEFYCLLHDARP,3,FEFYCLLHD,0.63,0,seq_8,0.000263,45.08,,0.136505,1.96,11416.61,,DNMT3A,R736C,ch,DNMT3A_R736C
4978,1,HLA-DQA10303-DQB10503,YCLLHDARPKEGDDR,3,LHDARPKEG,0.86,0,seq_14,0.000351,49.76,,0.070272,52.83,23375.67,,DNMT3A,R736C,ch,DNMT3A_R736C
1498,1,HLA-DQA10303-DQB10504,YCLLHDARPKEGDDR,3,LHDARPKEG,0.78,0,seq_14,0.017982,8.4,,0.103641,39.55,16291.61,,DNMT3A,R736C,ch,DNMT3A_R736C
6508,1,HLA-DQA10303-DQB10601,YCLLHDARPKEGDDR,3,LHDARPKEG,0.97,0,seq_14,0.02157,6.47,,0.182648,41.87,6929.67,,DNMT3A,R736C,ch,DNMT3A_R736C
4843,1,HLA-DQA10303-DQB10602,YCLLHDARPKEGDDR,3,LHDARPKEG,0.99,0,seq_14,0.004165,16.64,,0.092905,61.41,18298.36,,DNMT3A,R736C,ch,DNMT3A_R736C
5248,1,HLA-DQA10303-DQB10603,YCLLHDARPKEGDDR,3,LHDARPKEG,0.97,0,seq_14,0.002402,19.88,,0.064093,62.41,24991.88,,DNMT3A,R736C,ch,DNMT3A_R736C
4858,1,HLA-DQA10303-DQB10604,YCLLHDARPKEGDDR,3,LHDARPKEG,0.83,0,seq_14,0.004735,43.11,,0.055316,86.63,27481.59,,DNMT3A,R736C,ch,DNMT3A_R736C
5998,1,HLA-DQA10303-DQB10605,YCLLHDARPKEGDDR,3,LHDARPKEG,0.9,0,seq_14,0.011113,34.45,,0.072555,87.92,22805.32,,DNMT3A,R736C,ch,DNMT3A_R736C
5698,1,HLA-DQA10303-DQB10609,YCLLHDARPKEGDDR,3,LHDARPKEG,0.9,0,seq_14,0.011113,34.45,,0.072555,87.92,22805.32,,DNMT3A,R736C,ch,DNMT3A_R736C
1839,1,HLA-DQA10401-DQB10201,FFEFYCLLHDARPKE,3,FYCLLHDAR,0.6,0,seq_10,0.011897,43.85,,0.312162,32.19,1706.59,,DNMT3A,R736C,ch,DNMT3A_R736C
1569,1,HLA-DQA10401-DQB10202,FFEFYCLLHDARPKE,3,FYCLLHDAR,0.6,0,seq_10,0.011897,43.85,,0.312162,32.19,1706.59,,DNMT3A,R736C,ch,DNMT3A_R736C
1903,1,HLA-DQA10401-DQB10301,YCLLHDARPKEGDDR,3,LHDARPKEG,1.0,0,seq_14,0.021457,14.11,,0.319502,41.31,1576.3,,DNMT3A,R736C,ch,DNMT3A_R736C
4798,1,HLA-DQA10401-DQB10302,YCLLHDARPKEGDDR,3,LHDARPKEG,0.92,0,seq_14,0.009852,31.0,,0.196768,84.5,5947.89,,DNMT3A,R736C,ch,DNMT3A_R736C
2248,1,HLA-DQA10401-DQB10303,YCLLHDARPKEGDDR,3,LHDARPKEG,1.0,0,seq_14,0.08167,11.92,,0.272739,60.0,2614.43,,DNMT3A,R736C,ch,DNMT3A_R736C
6163,1,HLA-DQA10401-DQB10304,YCLLHDARPKEGDDR,3,LHDARPKEG,0.91,0,seq_14,0.005727,31.53,,0.260808,66.6,2974.69,,DNMT3A,R736C,ch,DNMT3A_R736C
2458,1,HLA-DQA10401-DQB10401,YCLLHDARPKEGDDR,3,LHDARPKEG,0.99,0,seq_14,0.196412,12.85,,0.356905,40.29,1051.68,,DNMT3A,R736C,ch,DNMT3A_R736C
4918,1,HLA-DQA10401-DQB10402,YCLLHDARPKEGDDR,3,LHDARPKEG,0.99,0,seq_14,0.196412,12.85,,0.356905,40.29,1051.68,,DNMT3A,R736C,ch,DNMT3A_R736C
6176,1,HLA-DQA10401-DQB10501,EFYCLLHDARPKEGD,3,CLLHDARPK,0.17,0,seq_12,0.001016,36.85,,0.183423,53.3,6871.81,,DNMT3A,R736C,ch,DNMT3A_R736C
2623,1,HLA-DQA10401-DQB10502,YCLLHDARPKEGDDR,3,LHDARPKEG,0.78,0,seq_14,0.000766,60.81,,0.110147,59.05,15184.22,,DNMT3A,R736C,ch,DNMT3A_R736C
2488,1,HLA-DQA10401-DQB10503,YCLLHDARPKEGDDR,3,LHDARPKEG,0.89,0,seq_14,0.003295,35.94,,0.134526,53.96,11663.7,,DNMT3A,R736C,ch,DNMT3A_R736C
2278,1,HLA-DQA10401-DQB10504,YCLLHDARPKEGDDR,3,LHDARPKEG,0.9,0,seq_14,0.067033,13.78,,0.216785,44.29,4789.65,,DNMT3A,R736C,ch,DNMT3A_R736C
1603,1,HLA-DQA10401-DQB10601,YCLLHDARPKEGDDR,3,LHDARPKEG,0.97,0,seq_14,0.020245,8.34,,0.206364,46.59,5361.32,,DNMT3A,R736C,ch,DNMT3A_R736C
1693,1,HLA-DQA10401-DQB10602,YCLLHDARPKEGDDR,3,LHDARPKEG,0.99,0,seq_14,0.012479,8.91,,0.13608,58.76,11469.22,,DNMT3A,R736C,ch,DNMT3A_R736C
6448,1,HLA-DQA10401-DQB10603,YCLLHDARPKEGDDR,3,LHDARPKEG,0.99,0,seq_14,0.005049,18.33,,0.094137,64.06,18056.06,,DNMT3A,R736C,ch,DNMT3A_R736C
2098,1,HLA-DQA10401-DQB10604,YCLLHDARPKEGDDR,3,LHDARPKEG,0.88,0,seq_14,0.009841,36.49,,0.092229,84.2,18432.69,,DNMT3A,R736C,ch,DNMT3A_R736C
1453,1,HLA-DQA10401-DQB10605,YCLLHDARPKEGDDR,3,LHDARPKEG,0.91,0,seq_14,0.012497,35.08,,0.115682,84.99,14301.57,,DNMT3A,R736C,ch,DNMT3A_R736C
2383,1,HLA-DQA10401-DQB10609,YCLLHDARPKEGDDR,3,LHDARPKEG,0.91,0,seq_14,0.012497,35.08,,0.115682,84.99,14301.57,,DNMT3A,R736C,ch,DNMT3A_R736C
2349,1,HLA-DQA10501-DQB10201,FFEFYCLLHDARPKE,3,FYCLLHDAR,0.69,0,seq_10,0.006646,54.29,,0.339744,22.37,1266.26,,DNMT3A,R736C,ch,DNMT3A_R736C
1779,1,HLA-DQA10501-DQB10202,FFEFYCLLHDARPKE,3,FYCLLHDAR,0.69,0,seq_10,0.006646,54.29,,0.339744,22.37,1266.26,,DNMT3A,R736C,ch,DNMT3A_R736C
3118,1,HLA-DQA10501-DQB10301,YCLLHDARPKEGDDR,3,LHDARPKEG,1.0,0,seq_14,0.109524,10.19,,0.34968,31.1,1137.19,,DNMT3A,R736C,ch,DNMT3A_R736C
1618,1,HLA-DQA10501-DQB10302,YCLLHDARPKEGDDR,3,LHDARPKEG,0.94,0,seq_14,0.005036,38.58,,0.182626,82.28,6931.32,,DNMT3A,R736C,ch,DNMT3A_R736C
1918,1,HLA-DQA10501-DQB10303,YCLLHDARPKEGDDR,3,LHDARPKEG,1.0,0,seq_14,0.102002,13.29,,0.268793,54.9,2728.47,,DNMT3A,R736C,ch,DNMT3A_R736C
2158,1,HLA-DQA10501-DQB10304,YCLLHDARPKEGDDR,3,LHDARPKEG,0.98,0,seq_14,0.022324,19.21,,0.275053,51.35,2549.79,,DNMT3A,R736C,ch,DNMT3A_R736C
1378,1,HLA-DQA10501-DQB10401,YCLLHDARPKEGDDR,3,LHDARPKEG,0.99,0,seq_14,0.141045,12.59,,0.331877,38.49,1378.76,,DNMT3A,R736C,ch,DNMT3A_R736C
1708,1,HLA-DQA10501-DQB10402,YCLLHDARPKEGDDR,3,LHDARPKEG,0.99,0,seq_14,0.141045,12.59,,0.331877,38.49,1378.76,,DNMT3A,R736C,ch,DNMT3A_R736C
3084,1,HLA-DQA10501-DQB10501,FFEFYCLLHDARPKE,4,YCLLHDARP,0.16,0,seq_10,0.000153,58.72,,0.21042,25.85,5131.13,,DNMT3A,R736C,ch,DNMT3A_R736C
5548,1,HLA-DQA10501-DQB10502,YCLLHDARPKEGDDR,3,LHDARPKEG,0.74,0,seq_14,0.000388,48.24,,0.086463,58.67,19619.28,,DNMT3A,R736C,ch,DNMT3A_R736C
6028,1,HLA-DQA10501-DQB10503,YCLLHDARPKEGDDR,3,LHDARPKEG,0.82,0,seq_14,0.003021,21.98,,0.100739,58.31,16811.27,,DNMT3A,R736C,ch,DNMT3A_R736C
2863,1,HLA-DQA10501-DQB10504,YCLLHDARPKEGDDR,3,LHDARPKEG,0.91,0,seq_14,0.042852,14.89,,0.186828,46.02,6623.24,,DNMT3A,R736C,ch,DNMT3A_R736C
3133,1,HLA-DQA10501-DQB10601,YCLLHDARPKEGDDR,3,LHDARPKEG,0.99,0,seq_14,0.020176,13.8,,0.203008,39.29,5559.57,,DNMT3A,R736C,ch,DNMT3A_R736C
1813,1,HLA-DQA10501-DQB10602,YCLLHDARPKEGDDR,3,LHDARPKEG,0.98,0,seq_14,0.007406,12.18,,0.117377,59.81,14041.68,,DNMT3A,R736C,ch,DNMT3A_R736C
5818,1,HLA-DQA10501-DQB10603,YCLLHDARPKEGDDR,3,LHDARPKEG,0.96,0,seq_14,0.001714,28.42,,0.08102,63.47,20809.4,,DNMT3A,R736C,ch,DNMT3A_R736C
2563,1,HLA-DQA10501-DQB10604,YCLLHDARPKEGDDR,3,LHDARPKEG,0.91,0,seq_14,0.00282,58.75,,0.077765,84.12,21555.33,,DNMT3A,R736C,ch,DNMT3A_R736C
1717,1,HLA-DQA10501-DQB10605,RLFFEFYCLLHDARP,3,FEFYCLLHD,0.45,0,seq_8,0.004398,54.37,,0.17317,54.26,7678.02,,DNMT3A,R736C,ch,DNMT3A_R736C
2212,1,HLA-DQA10501-DQB10609,RLFFEFYCLLHDARP,3,FEFYCLLHD,0.45,0,seq_8,0.004398,54.37,,0.17317,54.26,7678.02,,DNMT3A,R736C,ch,DNMT3A_R736C
3054,1,HLA-DQA10503-DQB10201,FFEFYCLLHDARPKE,3,FYCLLHDAR,0.69,0,seq_10,0.006646,54.29,,0.339744,22.37,1266.26,,DNMT3A,R736C,ch,DNMT3A_R736C
2439,1,HLA-DQA10503-DQB10202,FFEFYCLLHDARPKE,3,FYCLLHDAR,0.69,0,seq_10,0.006646,54.29,,0.339744,22.37,1266.26,,DNMT3A,R736C,ch,DNMT3A_R736C
1393,1,HLA-DQA10503-DQB10301,YCLLHDARPKEGDDR,3,LHDARPKEG,1.0,0,seq_14,0.109524,10.19,,0.34968,31.1,1137.19,,DNMT3A,R736C,ch,DNMT3A_R736C
5308,1,HLA-DQA10503-DQB10302,YCLLHDARPKEGDDR,3,LHDARPKEG,0.94,0,seq_14,0.005036,38.58,,0.182626,82.28,6931.32,,DNMT3A,R736C,ch,DNMT3A_R736C
6403,1,HLA-DQA10503-DQB10303,YCLLHDARPKEGDDR,3,LHDARPKEG,1.0,0,seq_14,0.102002,13.29,,0.268793,54.9,2728.47,,DNMT3A,R736C,ch,DNMT3A_R736C
2128,1,HLA-DQA10503-DQB10304,YCLLHDARPKEGDDR,3,LHDARPKEG,0.98,0,seq_14,0.022324,19.21,,0.275053,51.35,2549.79,,DNMT3A,R736C,ch,DNMT3A_R736C
2638,1,HLA-DQA10503-DQB10401,YCLLHDARPKEGDDR,3,LHDARPKEG,0.99,0,seq_14,0.141045,12.59,,0.331877,38.49,1378.76,,DNMT3A,R736C,ch,DNMT3A_R736C
4888,1,HLA-DQA10503-DQB10402,YCLLHDARPKEGDDR,3,LHDARPKEG,0.99,0,seq_14,0.141045,12.59,,0.331877,38.49,1378.76,,DNMT3A,R736C,ch,DNMT3A_R736C
2574,1,HLA-DQA10503-DQB10501,FFEFYCLLHDARPKE,4,YCLLHDARP,0.16,0,seq_10,0.000153,58.72,,0.21042,25.85,5131.13,,DNMT3A,R736C,ch,DNMT3A_R736C
5488,1,HLA-DQA10503-DQB10502,YCLLHDARPKEGDDR,3,LHDARPKEG,0.74,0,seq_14,0.000388,48.24,,0.086463,58.67,19619.28,,DNMT3A,R736C,ch,DNMT3A_R736C
5743,1,HLA-DQA10503-DQB10503,YCLLHDARPKEGDDR,3,LHDARPKEG,0.82,0,seq_14,0.003021,21.98,,0.100739,58.31,16811.27,,DNMT3A,R736C,ch,DNMT3A_R736C
1648,1,HLA-DQA10503-DQB10504,YCLLHDARPKEGDDR,3,LHDARPKEG,0.91,0,seq_14,0.042852,14.89,,0.186828,46.02,6623.24,,DNMT3A,R736C,ch,DNMT3A_R736C
5053,1,HLA-DQA10503-DQB10601,YCLLHDARPKEGDDR,3,LHDARPKEG,0.99,0,seq_14,0.020176,13.8,,0.203008,39.29,5559.57,,DNMT3A,R736C,ch,DNMT3A_R736C
5068,1,HLA-DQA10503-DQB10602,YCLLHDARPKEGDDR,3,LHDARPKEG,0.98,0,seq_14,0.007406,12.18,,0.117377,59.81,14041.68,,DNMT3A,R736C,ch,DNMT3A_R736C
6373,1,HLA-DQA10503-DQB10603,YCLLHDARPKEGDDR,3,LHDARPKEG,0.96,0,seq_14,0.001714,28.42,,0.08102,63.47,20809.4,,DNMT3A,R736C,ch,DNMT3A_R736C
2653,1,HLA-DQA10503-DQB10604,YCLLHDARPKEGDDR,3,LHDARPKEG,0.91,0,seq_14,0.00282,58.75,,0.077765,84.12,21555.33,,DNMT3A,R736C,ch,DNMT3A_R736C
1582,1,HLA-DQA10503-DQB10605,RLFFEFYCLLHDARP,3,FEFYCLLHD,0.45,0,seq_8,0.004398,54.37,,0.17317,54.26,7678.02,,DNMT3A,R736C,ch,DNMT3A_R736C
2167,1,HLA-DQA10503-DQB10609,RLFFEFYCLLHDARP,3,FEFYCLLHD,0.45,0,seq_8,0.004398,54.37,,0.17317,54.26,7678.02,,DNMT3A,R736C,ch,DNMT3A_R736C
2229,1,HLA-DQA10505-DQB10201,FFEFYCLLHDARPKE,3,FYCLLHDAR,0.69,0,seq_10,0.006646,54.29,,0.339744,22.37,1266.26,,DNMT3A,R736C,ch,DNMT3A_R736C
5199,1,HLA-DQA10505-DQB10202,FFEFYCLLHDARPKE,3,FYCLLHDAR,0.69,0,seq_10,0.006646,54.29,,0.339744,22.37,1266.26,,DNMT3A,R736C,ch,DNMT3A_R736C
1828,1,HLA-DQA10505-DQB10301,YCLLHDARPKEGDDR,3,LHDARPKEG,1.0,0,seq_14,0.109524,10.19,,0.34968,31.1,1137.19,,DNMT3A,R736C,ch,DNMT3A_R736C
3028,1,HLA-DQA10505-DQB10302,YCLLHDARPKEGDDR,3,LHDARPKEG,0.94,0,seq_14,0.005036,38.58,,0.182626,82.28,6931.32,,DNMT3A,R736C,ch,DNMT3A_R736C
5413,1,HLA-DQA10505-DQB10303,YCLLHDARPKEGDDR,3,LHDARPKEG,1.0,0,seq_14,0.102002,13.29,,0.268793,54.9,2728.47,,DNMT3A,R736C,ch,DNMT3A_R736C
2968,1,HLA-DQA10505-DQB10304,YCLLHDARPKEGDDR,3,LHDARPKEG,0.98,0,seq_14,0.022324,19.21,,0.275053,51.35,2549.79,,DNMT3A,R736C,ch,DNMT3A_R736C
5758,1,HLA-DQA10505-DQB10401,YCLLHDARPKEGDDR,3,LHDARPKEG,0.99,0,seq_14,0.141045,12.59,,0.331877,38.49,1378.76,,DNMT3A,R736C,ch,DNMT3A_R736C
2923,1,HLA-DQA10505-DQB10402,YCLLHDARPKEGDDR,3,LHDARPKEG,0.99,0,seq_14,0.141045,12.59,,0.331877,38.49,1378.76,,DNMT3A,R736C,ch,DNMT3A_R736C
5349,1,HLA-DQA10505-DQB10501,FFEFYCLLHDARPKE,4,YCLLHDARP,0.16,0,seq_10,0.000153,58.72,,0.21042,25.85,5131.13,,DNMT3A,R736C,ch,DNMT3A_R736C
1633,1,HLA-DQA10505-DQB10502,YCLLHDARPKEGDDR,3,LHDARPKEG,0.74,0,seq_14,0.000388,48.24,,0.086463,58.67,19619.28,,DNMT3A,R736C,ch,DNMT3A_R736C
5113,1,HLA-DQA10505-DQB10503,YCLLHDARPKEGDDR,3,LHDARPKEG,0.82,0,seq_14,0.003021,21.98,,0.100739,58.31,16811.27,,DNMT3A,R736C,ch,DNMT3A_R736C
5503,1,HLA-DQA10505-DQB10504,YCLLHDARPKEGDDR,3,LHDARPKEG,0.91,0,seq_14,0.042852,14.89,,0.186828,46.02,6623.24,,DNMT3A,R736C,ch,DNMT3A_R736C
6088,1,HLA-DQA10505-DQB10601,YCLLHDARPKEGDDR,3,LHDARPKEG,0.99,0,seq_14,0.020176,13.8,,0.203008,39.29,5559.57,,DNMT3A,R736C,ch,DNMT3A_R736C
6328,1,HLA-DQA10505-DQB10602,YCLLHDARPKEGDDR,3,LHDARPKEG,0.98,0,seq_14,0.007406,12.18,,0.117377,59.81,14041.68,,DNMT3A,R736C,ch,DNMT3A_R736C
5563,1,HLA-DQA10505-DQB10603,YCLLHDARPKEGDDR,3,LHDARPKEG,0.96,0,seq_14,0.001714,28.42,,0.08102,63.47,20809.4,,DNMT3A,R736C,ch,DNMT3A_R736C
6388,1,HLA-DQA10505-DQB10604,YCLLHDARPKEGDDR,3,LHDARPKEG,0.91,0,seq_14,0.00282,58.75,,0.077765,84.12,21555.33,,DNMT3A,R736C,ch,DNMT3A_R736C
5392,1,HLA-DQA10505-DQB10605,RLFFEFYCLLHDARP,3,FEFYCLLHD,0.45,0,seq_8,0.004398,54.37,,0.17317,54.26,7678.02,,DNMT3A,R736C,ch,DNMT3A_R736C
2182,1,HLA-DQA10505-DQB10609,RLFFEFYCLLHDARP,3,FEFYCLLHD,0.45,0,seq_8,0.004398,54.37,,0.17317,54.26,7678.02,,DNMT3A,R736C,ch,DNMT3A_R736C
2709,1,HLA-DQA10509-DQB10201,FFEFYCLLHDARPKE,3,FYCLLHDAR,0.69,0,seq_10,0.006646,54.29,,0.339744,22.37,1266.26,,DNMT3A,R736C,ch,DNMT3A_R736C
1539,1,HLA-DQA10509-DQB10202,FFEFYCLLHDARPKE,3,FYCLLHDAR,0.69,0,seq_10,0.006646,54.29,,0.339744,22.37,1266.26,,DNMT3A,R736C,ch,DNMT3A_R736C
6343,1,HLA-DQA10509-DQB10301,YCLLHDARPKEGDDR,3,LHDARPKEG,1.0,0,seq_14,0.109524,10.19,,0.34968,31.1,1137.19,,DNMT3A,R736C,ch,DNMT3A_R736C
6118,1,HLA-DQA10509-DQB10302,YCLLHDARPKEGDDR,3,LHDARPKEG,0.94,0,seq_14,0.005036,38.58,,0.182626,82.28,6931.32,,DNMT3A,R736C,ch,DNMT3A_R736C
2833,1,HLA-DQA10509-DQB10303,YCLLHDARPKEGDDR,3,LHDARPKEG,1.0,0,seq_14,0.102002,13.29,,0.268793,54.9,2728.47,,DNMT3A,R736C,ch,DNMT3A_R736C
5578,1,HLA-DQA10509-DQB10304,YCLLHDARPKEGDDR,3,LHDARPKEG,0.98,0,seq_14,0.022324,19.21,,0.275053,51.35,2549.79,,DNMT3A,R736C,ch,DNMT3A_R736C
5923,1,HLA-DQA10509-DQB10401,YCLLHDARPKEGDDR,3,LHDARPKEG,0.99,0,seq_14,0.141045,12.59,,0.331877,38.49,1378.76,,DNMT3A,R736C,ch,DNMT3A_R736C
6418,1,HLA-DQA10509-DQB10402,YCLLHDARPKEGDDR,3,LHDARPKEG,0.99,0,seq_14,0.141045,12.59,,0.331877,38.49,1378.76,,DNMT3A,R736C,ch,DNMT3A_R736C
2289,1,HLA-DQA10509-DQB10501,FFEFYCLLHDARPKE,4,YCLLHDARP,0.16,0,seq_10,0.000153,58.72,,0.21042,25.85,5131.13,,DNMT3A,R736C,ch,DNMT3A_R736C
6013,1,HLA-DQA10509-DQB10502,YCLLHDARPKEGDDR,3,LHDARPKEG,0.74,0,seq_14,0.000388,48.24,,0.086463,58.67,19619.28,,DNMT3A,R736C,ch,DNMT3A_R736C
2503,1,HLA-DQA10509-DQB10503,YCLLHDARPKEGDDR,3,LHDARPKEG,0.82,0,seq_14,0.003021,21.98,,0.100739,58.31,16811.27,,DNMT3A,R736C,ch,DNMT3A_R736C
2083,1,HLA-DQA10509-DQB10504,YCLLHDARPKEGDDR,3,LHDARPKEG,0.91,0,seq_14,0.042852,14.89,,0.186828,46.02,6623.24,,DNMT3A,R736C,ch,DNMT3A_R736C
5083,1,HLA-DQA10509-DQB10601,YCLLHDARPKEGDDR,3,LHDARPKEG,0.99,0,seq_14,0.020176,13.8,,0.203008,39.29,5559.57,,DNMT3A,R736C,ch,DNMT3A_R736C
5728,1,HLA-DQA10509-DQB10602,YCLLHDARPKEGDDR,3,LHDARPKEG,0.98,0,seq_14,0.007406,12.18,,0.117377,59.81,14041.68,,DNMT3A,R736C,ch,DNMT3A_R736C
5638,1,HLA-DQA10509-DQB10603,YCLLHDARPKEGDDR,3,LHDARPKEG,0.96,0,seq_14,0.001714,28.42,,0.08102,63.47,20809.4,,DNMT3A,R736C,ch,DNMT3A_R736C
4993,1,HLA-DQA10509-DQB10604,YCLLHDARPKEGDDR,3,LHDARPKEG,0.91,0,seq_14,0.00282,58.75,,0.077765,84.12,21555.33,,DNMT3A,R736C,ch,DNMT3A_R736C
4657,1,HLA-DQA10509-DQB10605,RLFFEFYCLLHDARP,3,FEFYCLLHD,0.45,0,seq_8,0.004398,54.37,,0.17317,54.26,7678.02,,DNMT3A,R736C,ch,DNMT3A_R736C
5962,1,HLA-DQA10509-DQB10609,RLFFEFYCLLHDARP,3,FEFYCLLHD,0.45,0,seq_8,0.004398,54.37,,0.17317,54.26,7678.02,,DNMT3A,R736C,ch,DNMT3A_R736C
1659,1,HLA-DQA10601-DQB10201,FFEFYCLLHDARPKE,3,FYCLLHDAR,0.6,0,seq_10,0.004328,54.7,,0.201327,42.42,5661.62,,DNMT3A,R736C,ch,DNMT3A_R736C
5259,1,HLA-DQA10601-DQB10202,FFEFYCLLHDARPKE,3,FYCLLHDAR,0.6,0,seq_10,0.004328,54.7,,0.201327,42.42,5661.62,,DNMT3A,R736C,ch,DNMT3A_R736C
3043,1,HLA-DQA10601-DQB10301,YCLLHDARPKEGDDR,3,LHDARPKEG,0.99,0,seq_14,0.030007,12.53,,0.217614,50.67,4746.88,,DNMT3A,R736C,ch,DNMT3A_R736C
1363,1,HLA-DQA10601-DQB10302,YCLLHDARPKEGDDR,3,LHDARPKEG,0.92,0,seq_14,0.00376,43.02,,0.120316,85.22,13602.18,,DNMT3A,R736C,ch,DNMT3A_R736C
4513,1,HLA-DQA10601-DQB10303,YCLLHDARPKEGDDR,3,LHDARPKEG,1.0,0,seq_14,0.038562,19.88,,0.153368,68.04,9512.58,,DNMT3A,R736C,ch,DNMT3A_R736C
4783,1,HLA-DQA10601-DQB10304,YCLLHDARPKEGDDR,3,LHDARPKEG,0.92,0,seq_14,0.012085,19.6,,0.182562,72.48,6936.12,,DNMT3A,R736C,ch,DNMT3A_R736C
5848,1,HLA-DQA10601-DQB10401,YCLLHDARPKEGDDR,3,LHDARPKEG,0.99,0,seq_14,0.101993,15.27,,0.205596,41.09,5406.06,,DNMT3A,R736C,ch,DNMT3A_R736C
2413,1,HLA-DQA10601-DQB10402,YCLLHDARPKEGDDR,3,LHDARPKEG,0.99,0,seq_14,0.101993,15.27,,0.205596,41.09,5406.06,,DNMT3A,R736C,ch,DNMT3A_R736C
2006,1,HLA-DQA10601-DQB10501,EFYCLLHDARPKEGD,3,CLLHDARPK,0.18,0,seq_12,0.000244,42.25,,0.093969,58.61,18088.92,,DNMT3A,R736C,ch,DNMT3A_R736C
2589,1,HLA-DQA10601-DQB10502,FFEFYCLLHDARPKE,3,FYCLLHDAR,0.48,0,seq_10,0.000289,54.56,,0.121913,8.71,13369.17,,DNMT3A,R736C,ch,DNMT3A_R736C
4498,1,HLA-DQA10601-DQB10503,YCLLHDARPKEGDDR,3,LHDARPKEG,0.85,0,seq_14,0.000967,34.44,,0.061312,62.37,25755.3,,DNMT3A,R736C,ch,DNMT3A_R736C
5773,1,HLA-DQA10601-DQB10504,YCLLHDARPKEGDDR,3,LHDARPKEG,0.89,0,seq_14,0.02956,14.51,,0.11812,48.08,13929.25,,DNMT3A,R736C,ch,DNMT3A_R736C
5338,1,HLA-DQA10601-DQB10601,YCLLHDARPKEGDDR,3,LHDARPKEG,0.98,0,seq_14,0.010832,11.76,,0.114878,58.97,14426.53,,DNMT3A,R736C,ch,DNMT3A_R736C
2893,1,HLA-DQA10601-DQB10602,YCLLHDARPKEGDDR,3,LHDARPKEG,0.98,0,seq_14,0.007787,10.85,,0.062704,72.49,25370.32,,DNMT3A,R736C,ch,DNMT3A_R736C
6478,1,HLA-DQA10601-DQB10603,YCLLHDARPKEGDDR,3,LHDARPKEG,0.95,0,seq_14,0.006121,10.72,,0.048382,71.85,29622.69,,DNMT3A,R736C,ch,DNMT3A_R736C
3073,1,HLA-DQA10601-DQB10604,YCLLHDARPKEGDDR,3,LHDARPKEG,0.85,0,seq_14,0.003587,46.27,,0.058863,80.83,26446.89,,DNMT3A,R736C,ch,DNMT3A_R736C
2683,1,HLA-DQA10601-DQB10605,YCLLHDARPKEGDDR,3,LHDARPKEG,0.88,0,seq_14,0.006567,37.24,,0.068774,83.51,23757.63,,DNMT3A,R736C,ch,DNMT3A_R736C
1963,1,HLA-DQA10601-DQB10609,YCLLHDARPKEGDDR,3,LHDARPKEG,0.88,0,seq_14,0.006567,37.24,,0.068774,83.51,23757.63,,DNMT3A,R736C,ch,DNMT3A_R736C
